-- MySQL dump 10.13  Distrib 5.5.46, for debian-linux-gnu (i686)
--
-- Host: localhost    Database: cambi
-- ------------------------------------------------------
-- Server version	5.5.46-0ubuntu0.12.04.2

/*!40101 SET @OLD_CHARACTER_SET_CLIENT=@@CHARACTER_SET_CLIENT */;
/*!40101 SET @OLD_CHARACTER_SET_RESULTS=@@CHARACTER_SET_RESULTS */;
/*!40101 SET @OLD_COLLATION_CONNECTION=@@COLLATION_CONNECTION */;
/*!40101 SET NAMES utf8 */;
/*!40103 SET @OLD_TIME_ZONE=@@TIME_ZONE */;
/*!40103 SET TIME_ZONE='+00:00' */;
/*!40014 SET @OLD_UNIQUE_CHECKS=@@UNIQUE_CHECKS, UNIQUE_CHECKS=0 */;
/*!40014 SET @OLD_FOREIGN_KEY_CHECKS=@@FOREIGN_KEY_CHECKS, FOREIGN_KEY_CHECKS=0 */;
/*!40101 SET @OLD_SQL_MODE=@@SQL_MODE, SQL_MODE='NO_AUTO_VALUE_ON_ZERO' */;
/*!40111 SET @OLD_SQL_NOTES=@@SQL_NOTES, SQL_NOTES=0 */;

--
-- Table structure for table `ArchivoDeCarga`
--

DROP TABLE IF EXISTS `ArchivoDeCarga`;
/*!40101 SET @saved_cs_client     = @@character_set_client */;
/*!40101 SET character_set_client = utf8 */;
CREATE TABLE `ArchivoDeCarga` (
  `id` int(11) NOT NULL AUTO_INCREMENT,
  `createdAt` int(11) NOT NULL,
  `status` varchar(20) COLLATE utf8_unicode_ci NOT NULL,
  `tipo` varchar(50) COLLATE utf8_unicode_ci NOT NULL,
  `path` varchar(255) COLLATE utf8_unicode_ci DEFAULT NULL,
  `mes` int(11) NOT NULL,
  `anno` int(11) NOT NULL,
  `notes` longtext COLLATE utf8_unicode_ci,
  PRIMARY KEY (`id`)
) ENGINE=InnoDB AUTO_INCREMENT=19 DEFAULT CHARSET=utf8 COLLATE=utf8_unicode_ci;
/*!40101 SET character_set_client = @saved_cs_client */;

--
-- Dumping data for table `ArchivoDeCarga`
--

LOCK TABLES `ArchivoDeCarga` WRITE;
/*!40000 ALTER TABLE `ArchivoDeCarga` DISABLE KEYS */;
INSERT INTO `ArchivoDeCarga` VALUES (3,1414522322,'OK','PRESUPUESTO_VS_REAL_TI','Ppto VS Real TI_2014.xlsx',6,2014,'\n* ARCHIVO COPIADO PARA SER PROCESADO POR ETL EN LOS PROXIMOS MINUTOS.\n* ARCHIVO COPIADO PARA SER PROCESADO POR ETL EN LOS PROXIMOS MINUTOS.'),(4,1414522353,'OK','SOLICITUD_SERVICIOS_TI','Nuevo JAS.xlsx',7,2014,'\n* ARCHIVO COPIADO PARA SER PROCESADO POR ETL EN LOS PROXIMOS MINUTOS.\n* ARCHIVO COPIADO PARA SER PROCESADO POR ETL EN LOS PROXIMOS MINUTOS.'),(5,1414675636,'OK','PRESUPUESTO_VS_REAL_TI','Ppto VS Real TI_2014.xlsx',6,2014,'REEMPLAZO\n* ARCHIVO COPIADO PARA SER PROCESADO POR ETL EN LOS PROXIMOS MINUTOS.\n* ARCHIVO COPIADO PARA SER PROCESADO POR ETL EN LOS PROXIMOS MINUTOS.\n* ARCHIVO COPIADO PARA SER PROCESADO POR ETL EN LOS PROXIMOS MINUTOS.'),(6,1415620481,'OK','PRESUPUESTO_VS_REAL_TI','Ppto VS Real TI_2014 (5).xlsx',9,2014,'\n* ARCHIVO COPIADO PARA SER PROCESADO POR ETL EN LOS PROXIMOS MINUTOS.\n* ARCHIVO COPIADO PARA SER PROCESADO POR ETL EN LOS PROXIMOS MINUTOS.\n* ARCHIVO COPIADO PARA SER PROCESADO POR ETL EN LOS PROXIMOS MINUTOS.\n* ARCHIVO COPIADO PARA SER PROCESADO POR ETL EN LOS PROXIMOS MINUTOS.\n* ARCHIVO COPIADO PARA SER PROCESADO POR ETL EN LOS PROXIMOS MINUTOS.'),(7,1415620507,'OK','SOLICITUD_SERVICIOS_TI','1415612175-1414511357-Nuevo JAS.xlsx',11,2014,'\n* ARCHIVO COPIADO PARA SER PROCESADO POR ETL EN LOS PROXIMOS MINUTOS.\n* ARCHIVO COPIADO PARA SER PROCESADO POR ETL EN LOS PROXIMOS MINUTOS.'),(8,1415620532,'OK','MESA_DE_AYUDA_UPTIME_TI','PANEL TI - 2014.xlsx',11,2014,'\n* ARCHIVO COPIADO PARA SER PROCESADO POR ETL EN LOS PROXIMOS MINUTOS.\n* ARCHIVO COPIADO PARA SER PROCESADO POR ETL EN LOS PROXIMOS MINUTOS.\n* ARCHIVO COPIADO PARA SER PROCESADO POR ETL EN LOS PROXIMOS MINUTOS.'),(9,1415903272,'OK','MESA_DE_AYUDA_UPTIME_TI','PANEL TI - 2014.xlsx',11,2014,'versión cargada por msalas\n* ARCHIVO COPIADO PARA SER PROCESADO POR ETL EN LOS PROXIMOS MINUTOS.\n* ARCHIVO COPIADO PARA SER PROCESADO POR ETL EN LOS PROXIMOS MINUTOS.'),(10,1415904649,'OK','MESA_DE_AYUDA_UPTIME_TI','PANEL TI - 2014.xlsx',11,2014,'segunda carga\n* ARCHIVO COPIADO PARA SER PROCESADO POR ETL EN LOS PROXIMOS MINUTOS.\n* ARCHIVO COPIADO PARA SER PROCESADO POR ETL EN LOS PROXIMOS MINUTOS.'),(15,1416525698,'OK','CONSUMOS_COMPRAS','CONSUMOS.xlsx',10,2014,'\n* ARCHIVO COPIADO PARA SER PROCESADO POR ETL EN LOS PROXIMOS MINUTOS.\n* ARCHIVO COPIADO PARA SER PROCESADO POR ETL EN LOS PROXIMOS MINUTOS.'),(16,1416525986,'OK','PM_COMPRAS','PRECIOS-MEDIOS.xlsx',10,2014,'\n* ARCHIVO COPIADO PARA SER PROCESADO POR ETL EN LOS PROXIMOS MINUTOS.\n* ARCHIVO COPIADO PARA SER PROCESADO POR ETL EN LOS PROXIMOS MINUTOS.'),(17,1416526009,'OK','MAESTRODEMATERIALES_COMPRAS','MAESTRO_MATERIALES.xls',10,2014,'\n* ARCHIVO COPIADO PARA SER PROCESADO POR ETL EN LOS PROXIMOS MINUTOS.\n* ARCHIVO COPIADO PARA SER PROCESADO POR ETL EN LOS PROXIMOS MINUTOS.'),(18,1416526174,'OK','SUBINVENTARIOS_COMPRAS','MAESTRO-SUBINVENTARIOS.xls',10,2014,'\n* ARCHIVO COPIADO PARA SER PROCESADO POR ETL EN LOS PROXIMOS MINUTOS.\n* ARCHIVO COPIADO PARA SER PROCESADO POR ETL EN LOS PROXIMOS MINUTOS.');
/*!40000 ALTER TABLE `ArchivoDeCarga` ENABLE KEYS */;
UNLOCK TABLES;

--
-- Table structure for table `GASTO`
--

DROP TABLE IF EXISTS `GASTO`;
/*!40101 SET @saved_cs_client     = @@character_set_client */;
/*!40101 SET character_set_client = utf8 */;
CREATE TABLE `GASTO` (
  `id` int(11) NOT NULL AUTO_INCREMENT,
  `area` varchar(45) COLLATE utf8_unicode_ci NOT NULL,
  `mes` int(11) NOT NULL,
  `anno` int(11) NOT NULL,
  `tipo` varchar(45) COLLATE utf8_unicode_ci NOT NULL,
  `valor` double NOT NULL DEFAULT '0',
  `categoria` varchar(45) COLLATE utf8_unicode_ci DEFAULT NULL,
  PRIMARY KEY (`id`),
  UNIQUE KEY `unique_idx` (`area`,`mes`,`anno`,`tipo`,`categoria`)
) ENGINE=InnoDB DEFAULT CHARSET=utf8 COLLATE=utf8_unicode_ci;
/*!40101 SET character_set_client = @saved_cs_client */;

--
-- Dumping data for table `GASTO`
--

LOCK TABLES `GASTO` WRITE;
/*!40000 ALTER TABLE `GASTO` DISABLE KEYS */;
/*!40000 ALTER TABLE `GASTO` ENABLE KEYS */;
UNLOCK TABLES;

--
-- Table structure for table `INDICADOR`
--

DROP TABLE IF EXISTS `INDICADOR`;
/*!40101 SET @saved_cs_client     = @@character_set_client */;
/*!40101 SET character_set_client = utf8 */;
CREATE TABLE `INDICADOR` (
  `id` int(11) NOT NULL AUTO_INCREMENT,
  `area` varchar(45) COLLATE utf8_unicode_ci NOT NULL,
  `granularidad` varchar(1) COLLATE utf8_unicode_ci NOT NULL,
  `dia` int(11) NOT NULL,
  `mes` int(11) NOT NULL,
  `anno` int(11) NOT NULL,
  `valor` varchar(30) COLLATE utf8_unicode_ci NOT NULL DEFAULT '0',
  `indicador` varchar(100) COLLATE utf8_unicode_ci NOT NULL,
  PRIMARY KEY (`id`),
  UNIQUE KEY `idx_INDICADOR_lookup` (`area`,`granularidad`,`dia`,`mes`,`anno`,`indicador`)
) ENGINE=InnoDB AUTO_INCREMENT=71250 DEFAULT CHARSET=utf8 COLLATE=utf8_unicode_ci;
/*!40101 SET character_set_client = @saved_cs_client */;

--
-- Dumping data for table `INDICADOR`
--

LOCK TABLES `INDICADOR` WRITE;
/*!40000 ALTER TABLE `INDICADOR` DISABLE KEYS */;
INSERT INTO `INDICADOR` VALUES (1,'TI','M',1,1,2014,'310','Cantidad de tickets'),(2,'TI','M',1,2,2014,'289','Cantidad de tickets'),(3,'TI','M',1,3,2014,'286','Cantidad de tickets'),(4,'TI','M',1,4,2014,'365','Cantidad de tickets'),(5,'TI','M',1,5,2014,'0','Cantidad de tickets'),(6,'TI','M',1,6,2014,'0','Cantidad de tickets'),(7,'TI','M',1,7,2014,'0','Cantidad de tickets'),(8,'TI','M',1,8,2014,'0','Cantidad de tickets'),(9,'TI','M',1,9,2014,'0','Cantidad de tickets'),(10,'TI','M',1,10,2014,'0','Cantidad de tickets'),(11,'TI','M',1,11,2014,'0','Cantidad de tickets'),(12,'TI','M',1,12,2014,'0','Cantidad de tickets'),(13,'TI','M',1,1,2014,'5.400','MESA_DE_AYUDA_TIEMPO_DE_ATENCION'),(14,'TI','M',1,2,2014,'3.600','MESA_DE_AYUDA_TIEMPO_DE_ATENCION'),(15,'TI','M',1,3,2014,'4.900','MESA_DE_AYUDA_TIEMPO_DE_ATENCION'),(16,'TI','M',1,4,2014,'4.280','MESA_DE_AYUDA_TIEMPO_DE_ATENCION'),(17,'TI','M',1,5,2014,'-1.000','MESA_DE_AYUDA_TIEMPO_DE_ATENCION'),(18,'TI','M',1,6,2014,'-1.000','MESA_DE_AYUDA_TIEMPO_DE_ATENCION'),(19,'TI','M',1,7,2014,'-1.000','MESA_DE_AYUDA_TIEMPO_DE_ATENCION'),(20,'TI','M',1,8,2014,'-1.000','MESA_DE_AYUDA_TIEMPO_DE_ATENCION'),(21,'TI','M',1,9,2014,'-1.000','MESA_DE_AYUDA_TIEMPO_DE_ATENCION'),(22,'TI','M',1,10,2014,'-1.000','MESA_DE_AYUDA_TIEMPO_DE_ATENCION'),(23,'TI','M',1,11,2014,'-1.000','MESA_DE_AYUDA_TIEMPO_DE_ATENCION'),(24,'TI','M',1,12,2014,'-1.000','MESA_DE_AYUDA_TIEMPO_DE_ATENCION'),(25,'TI','M',1,1,2014,'1.000','UPTIME_RATIO_ORACLE'),(26,'TI','M',1,2,2014,'1.000','UPTIME_RATIO_ORACLE'),(27,'TI','M',1,3,2014,'1.000','UPTIME_RATIO_ORACLE'),(28,'TI','M',1,4,2014,'1.000','UPTIME_RATIO_ORACLE'),(29,'TI','M',1,5,2014,'1.000','UPTIME_RATIO_ORACLE'),(30,'TI','M',1,6,2014,'1.000','UPTIME_RATIO_ORACLE'),(31,'TI','M',1,7,2014,'1.000','UPTIME_RATIO_ORACLE'),(32,'TI','M',1,8,2014,'0.991','UPTIME_RATIO_ORACLE'),(33,'TI','M',1,9,2014,'0.999','UPTIME_RATIO_ORACLE'),(34,'TI','M',1,10,2014,'1.000','UPTIME_RATIO_ORACLE'),(35,'TI','M',1,11,2014,'1.000','UPTIME_RATIO_ORACLE'),(36,'TI','M',1,12,2014,'1.000','UPTIME_RATIO_ORACLE'),(37,'TI','M',1,1,2014,'0.000','UPTIME_CANTIDAD_ORACLE'),(38,'TI','M',1,2,2014,'0.000','UPTIME_CANTIDAD_ORACLE'),(39,'TI','M',1,3,2014,'0.000','UPTIME_CANTIDAD_ORACLE'),(40,'TI','M',1,4,2014,'1.000','UPTIME_CANTIDAD_ORACLE'),(41,'TI','M',1,5,2014,'0.000','UPTIME_CANTIDAD_ORACLE'),(42,'TI','M',1,6,2014,'0.000','UPTIME_CANTIDAD_ORACLE'),(43,'TI','M',1,7,2014,'1.000','UPTIME_CANTIDAD_ORACLE'),(44,'TI','M',1,8,2014,'4.000','UPTIME_CANTIDAD_ORACLE'),(45,'TI','M',1,9,2014,'2.000','UPTIME_CANTIDAD_ORACLE'),(46,'TI','M',1,10,2014,'0.000','UPTIME_CANTIDAD_ORACLE'),(47,'TI','M',1,11,2014,'0.000','UPTIME_CANTIDAD_ORACLE'),(48,'TI','M',1,12,2014,'0.000','UPTIME_CANTIDAD_ORACLE'),(49,'TI','M',1,1,2014,'0.980','UPTIME_CANTIDAD_META_ORACLE'),(50,'TI','M',1,2,2014,'0.980','UPTIME_CANTIDAD_META_ORACLE'),(51,'TI','M',1,3,2014,'0.980','UPTIME_CANTIDAD_META_ORACLE'),(52,'TI','M',1,4,2014,'0.980','UPTIME_CANTIDAD_META_ORACLE'),(53,'TI','M',1,5,2014,'0.980','UPTIME_CANTIDAD_META_ORACLE'),(54,'TI','M',1,6,2014,'0.980','UPTIME_CANTIDAD_META_ORACLE'),(55,'TI','M',1,7,2014,'0.980','UPTIME_CANTIDAD_META_ORACLE'),(56,'TI','M',1,8,2014,'0.980','UPTIME_CANTIDAD_META_ORACLE'),(57,'TI','M',1,9,2014,'0.980','UPTIME_CANTIDAD_META_ORACLE'),(58,'TI','M',1,10,2014,'0.980','UPTIME_CANTIDAD_META_ORACLE'),(59,'TI','M',1,11,2014,'0.980','UPTIME_CANTIDAD_META_ORACLE'),(60,'TI','M',1,12,2014,'0.980','UPTIME_CANTIDAD_META_ORACLE'),(61,'TI','M',1,1,2014,'1.000','UPTIME_RATIO_CORREO'),(62,'TI','M',1,2,2014,'1.000','UPTIME_RATIO_CORREO'),(63,'TI','M',1,3,2014,'1.000','UPTIME_RATIO_CORREO'),(64,'TI','M',1,4,2014,'1.000','UPTIME_RATIO_CORREO'),(65,'TI','M',1,5,2014,'1.000','UPTIME_RATIO_CORREO'),(66,'TI','M',1,6,2014,'1.000','UPTIME_RATIO_CORREO'),(67,'TI','M',1,7,2014,'1.000','UPTIME_RATIO_CORREO'),(68,'TI','M',1,8,2014,'0.998','UPTIME_RATIO_CORREO'),(69,'TI','M',1,9,2014,'1.000','UPTIME_RATIO_CORREO'),(70,'TI','M',1,10,2014,'1.000','UPTIME_RATIO_CORREO'),(71,'TI','M',1,11,2014,'1.000','UPTIME_RATIO_CORREO'),(72,'TI','M',1,12,2014,'1.000','UPTIME_RATIO_CORREO'),(73,'TI','M',1,1,2014,'0.000','UPTIME_CANTIDAD_CORREO'),(74,'TI','M',1,2,2014,'0.000','UPTIME_CANTIDAD_CORREO'),(75,'TI','M',1,3,2014,'0.000','UPTIME_CANTIDAD_CORREO'),(76,'TI','M',1,4,2014,'0.000','UPTIME_CANTIDAD_CORREO'),(77,'TI','M',1,5,2014,'0.000','UPTIME_CANTIDAD_CORREO'),(78,'TI','M',1,6,2014,'0.000','UPTIME_CANTIDAD_CORREO'),(79,'TI','M',1,7,2014,'0.000','UPTIME_CANTIDAD_CORREO'),(80,'TI','M',1,8,2014,'1.000','UPTIME_CANTIDAD_CORREO'),(81,'TI','M',1,9,2014,'0.000','UPTIME_CANTIDAD_CORREO'),(82,'TI','M',1,10,2014,'0.000','UPTIME_CANTIDAD_CORREO'),(83,'TI','M',1,11,2014,'0.000','UPTIME_CANTIDAD_CORREO'),(84,'TI','M',1,12,2014,'0.000','UPTIME_CANTIDAD_CORREO'),(85,'TI','M',1,1,2014,'0.980','UPTIME_CANTIDAD_META_CORREO'),(86,'TI','M',1,2,2014,'0.980','UPTIME_CANTIDAD_META_CORREO'),(87,'TI','M',1,3,2014,'0.980','UPTIME_CANTIDAD_META_CORREO'),(88,'TI','M',1,4,2014,'0.980','UPTIME_CANTIDAD_META_CORREO'),(89,'TI','M',1,5,2014,'0.980','UPTIME_CANTIDAD_META_CORREO'),(90,'TI','M',1,6,2014,'0.980','UPTIME_CANTIDAD_META_CORREO'),(91,'TI','M',1,7,2014,'0.980','UPTIME_CANTIDAD_META_CORREO'),(92,'TI','M',1,8,2014,'0.980','UPTIME_CANTIDAD_META_CORREO'),(93,'TI','M',1,9,2014,'0.980','UPTIME_CANTIDAD_META_CORREO'),(94,'TI','M',1,10,2014,'0.980','UPTIME_CANTIDAD_META_CORREO'),(95,'TI','M',1,11,2014,'0.980','UPTIME_CANTIDAD_META_CORREO'),(96,'TI','M',1,12,2014,'0.980','UPTIME_CANTIDAD_META_CORREO'),(97,'TI','M',1,1,2014,'1.000','UPTIME_RATIO_REDES'),(98,'TI','M',1,2,2014,'1.000','UPTIME_RATIO_REDES'),(99,'TI','M',1,3,2014,'1.000','UPTIME_RATIO_REDES'),(100,'TI','M',1,4,2014,'1.000','UPTIME_RATIO_REDES'),(101,'TI','M',1,5,2014,'1.000','UPTIME_RATIO_REDES'),(102,'TI','M',1,6,2014,'1.000','UPTIME_RATIO_REDES'),(103,'TI','M',1,7,2014,'1.000','UPTIME_RATIO_REDES'),(104,'TI','M',1,8,2014,'1.000','UPTIME_RATIO_REDES'),(105,'TI','M',1,9,2014,'0.999','UPTIME_RATIO_REDES'),(106,'TI','M',1,10,2014,'1.000','UPTIME_RATIO_REDES'),(107,'TI','M',1,11,2014,'1.000','UPTIME_RATIO_REDES'),(108,'TI','M',1,12,2014,'1.000','UPTIME_RATIO_REDES'),(109,'TI','M',1,1,2014,'1.000','UPTIME_CANTIDAD_REDES'),(110,'TI','M',1,2,2014,'1.000','UPTIME_CANTIDAD_REDES'),(111,'TI','M',1,3,2014,'2.000','UPTIME_CANTIDAD_REDES'),(112,'TI','M',1,4,2014,'1.000','UPTIME_CANTIDAD_REDES'),(113,'TI','M',1,5,2014,'0.000','UPTIME_CANTIDAD_REDES'),(114,'TI','M',1,6,2014,'0.000','UPTIME_CANTIDAD_REDES'),(115,'TI','M',1,7,2014,'0.000','UPTIME_CANTIDAD_REDES'),(116,'TI','M',1,8,2014,'3.000','UPTIME_CANTIDAD_REDES'),(117,'TI','M',1,9,2014,'1.000','UPTIME_CANTIDAD_REDES'),(118,'TI','M',1,10,2014,'0.000','UPTIME_CANTIDAD_REDES'),(119,'TI','M',1,11,2014,'0.000','UPTIME_CANTIDAD_REDES'),(120,'TI','M',1,12,2014,'0.000','UPTIME_CANTIDAD_REDES'),(121,'TI','M',1,1,2014,'0.980','UPTIME_CANTIDAD_META_REDES'),(122,'TI','M',1,2,2014,'0.980','UPTIME_CANTIDAD_META_REDES'),(123,'TI','M',1,3,2014,'0.980','UPTIME_CANTIDAD_META_REDES'),(124,'TI','M',1,4,2014,'0.980','UPTIME_CANTIDAD_META_REDES'),(125,'TI','M',1,5,2014,'0.980','UPTIME_CANTIDAD_META_REDES'),(126,'TI','M',1,6,2014,'0.980','UPTIME_CANTIDAD_META_REDES'),(127,'TI','M',1,7,2014,'0.980','UPTIME_CANTIDAD_META_REDES'),(128,'TI','M',1,8,2014,'0.980','UPTIME_CANTIDAD_META_REDES'),(129,'TI','M',1,9,2014,'0.980','UPTIME_CANTIDAD_META_REDES'),(130,'TI','M',1,10,2014,'0.980','UPTIME_CANTIDAD_META_REDES'),(131,'TI','M',1,11,2014,'0.980','UPTIME_CANTIDAD_META_REDES'),(132,'TI','M',1,12,2014,'0.980','UPTIME_CANTIDAD_META_REDES'),(133,'TI','M',1,1,2014,'1.000','UPTIME_RATIO_SAMAC'),(134,'TI','M',1,2,2014,'1.000','UPTIME_RATIO_SAMAC'),(135,'TI','M',1,3,2014,'1.000','UPTIME_RATIO_SAMAC'),(136,'TI','M',1,4,2014,'1.000','UPTIME_RATIO_SAMAC'),(137,'TI','M',1,5,2014,'1.000','UPTIME_RATIO_SAMAC'),(138,'TI','M',1,6,2014,'1.000','UPTIME_RATIO_SAMAC'),(139,'TI','M',1,7,2014,'1.000','UPTIME_RATIO_SAMAC'),(140,'TI','M',1,8,2014,'1.000','UPTIME_RATIO_SAMAC'),(141,'TI','M',1,9,2014,'1.000','UPTIME_RATIO_SAMAC'),(142,'TI','M',1,10,2014,'1.000','UPTIME_RATIO_SAMAC'),(143,'TI','M',1,11,2014,'1.000','UPTIME_RATIO_SAMAC'),(144,'TI','M',1,12,2014,'1.000','UPTIME_RATIO_SAMAC'),(145,'TI','M',1,1,2014,'0.000','UPTIME_CANTIDAD_SAMAC'),(146,'TI','M',1,2,2014,'0.000','UPTIME_CANTIDAD_SAMAC'),(147,'TI','M',1,3,2014,'0.000','UPTIME_CANTIDAD_SAMAC'),(148,'TI','M',1,4,2014,'0.000','UPTIME_CANTIDAD_SAMAC'),(149,'TI','M',1,5,2014,'0.000','UPTIME_CANTIDAD_SAMAC'),(150,'TI','M',1,6,2014,'0.000','UPTIME_CANTIDAD_SAMAC'),(151,'TI','M',1,7,2014,'0.000','UPTIME_CANTIDAD_SAMAC'),(152,'TI','M',1,8,2014,'0.000','UPTIME_CANTIDAD_SAMAC'),(153,'TI','M',1,9,2014,'0.000','UPTIME_CANTIDAD_SAMAC'),(154,'TI','M',1,10,2014,'0.000','UPTIME_CANTIDAD_SAMAC'),(155,'TI','M',1,11,2014,'1.000','UPTIME_CANTIDAD_SAMAC'),(156,'TI','M',1,12,2014,'0.000','UPTIME_CANTIDAD_SAMAC'),(157,'TI','M',1,1,2014,'0.980','UPTIME_CANTIDAD_META_SAMAC'),(158,'TI','M',1,2,2014,'0.980','UPTIME_CANTIDAD_META_SAMAC'),(159,'TI','M',1,3,2014,'0.980','UPTIME_CANTIDAD_META_SAMAC'),(160,'TI','M',1,4,2014,'0.980','UPTIME_CANTIDAD_META_SAMAC'),(161,'TI','M',1,5,2014,'0.980','UPTIME_CANTIDAD_META_SAMAC'),(162,'TI','M',1,6,2014,'0.980','UPTIME_CANTIDAD_META_SAMAC'),(163,'TI','M',1,7,2014,'0.980','UPTIME_CANTIDAD_META_SAMAC'),(164,'TI','M',1,8,2014,'0.980','UPTIME_CANTIDAD_META_SAMAC'),(165,'TI','M',1,9,2014,'0.980','UPTIME_CANTIDAD_META_SAMAC'),(166,'TI','M',1,10,2014,'0.980','UPTIME_CANTIDAD_META_SAMAC'),(167,'TI','M',1,11,2014,'0.980','UPTIME_CANTIDAD_META_SAMAC'),(168,'TI','M',1,12,2014,'0.980','UPTIME_CANTIDAD_META_SAMAC'),(169,'TI','M',1,1,2014,'1.000','UPTIME_RATIO_GENERAL'),(170,'TI','M',1,2,2014,'1.000','UPTIME_RATIO_GENERAL'),(171,'TI','M',1,3,2014,'1.000','UPTIME_RATIO_GENERAL'),(172,'TI','M',1,4,2014,'1.000','UPTIME_RATIO_GENERAL'),(173,'TI','M',1,5,2014,'0.999','UPTIME_RATIO_GENERAL'),(174,'TI','M',1,6,2014,'1.000','UPTIME_RATIO_GENERAL'),(175,'TI','M',1,7,2014,'0.999','UPTIME_RATIO_GENERAL'),(176,'TI','M',1,8,2014,'0.994','UPTIME_RATIO_GENERAL'),(177,'TI','M',1,9,2014,'1.000','UPTIME_RATIO_GENERAL'),(178,'TI','M',1,10,2014,'1.000','UPTIME_RATIO_GENERAL'),(179,'TI','M',1,11,2014,'1.000','UPTIME_RATIO_GENERAL'),(180,'TI','M',1,12,2014,'0.999','UPTIME_RATIO_GENERAL'),(181,'TI','M',1,1,2014,'1.000','UPTIME_CANTIDAD_GENERAL'),(182,'TI','M',1,2,2014,'1.000','UPTIME_CANTIDAD_GENERAL'),(183,'TI','M',1,3,2014,'2.000','UPTIME_CANTIDAD_GENERAL'),(184,'TI','M',1,4,2014,'2.000','UPTIME_CANTIDAD_GENERAL'),(185,'TI','M',1,5,2014,'1.000','UPTIME_CANTIDAD_GENERAL'),(186,'TI','M',1,6,2014,'0.000','UPTIME_CANTIDAD_GENERAL'),(187,'TI','M',1,7,2014,'1.000','UPTIME_CANTIDAD_GENERAL'),(188,'TI','M',1,8,2014,'10.000','UPTIME_CANTIDAD_GENERAL'),(189,'TI','M',1,9,2014,'4.000','UPTIME_CANTIDAD_GENERAL'),(190,'TI','M',1,10,2014,'0.000','UPTIME_CANTIDAD_GENERAL'),(191,'TI','M',1,11,2014,'3.000','UPTIME_CANTIDAD_GENERAL'),(192,'TI','M',1,12,2014,'0.000','UPTIME_CANTIDAD_GENERAL'),(193,'TI','M',1,1,2014,'0.980','UPTIME_CANTIDAD_META_GENERAL'),(194,'TI','M',1,2,2014,'0.980','UPTIME_CANTIDAD_META_GENERAL'),(195,'TI','M',1,3,2014,'0.980','UPTIME_CANTIDAD_META_GENERAL'),(196,'TI','M',1,4,2014,'0.980','UPTIME_CANTIDAD_META_GENERAL'),(197,'TI','M',1,5,2014,'0.980','UPTIME_CANTIDAD_META_GENERAL'),(198,'TI','M',1,6,2014,'0.980','UPTIME_CANTIDAD_META_GENERAL'),(199,'TI','M',1,7,2014,'0.980','UPTIME_CANTIDAD_META_GENERAL'),(200,'TI','M',1,8,2014,'0.980','UPTIME_CANTIDAD_META_GENERAL'),(201,'TI','M',1,9,2014,'0.980','UPTIME_CANTIDAD_META_GENERAL'),(202,'TI','M',1,10,2014,'0.980','UPTIME_CANTIDAD_META_GENERAL'),(203,'TI','M',1,11,2014,'0.980','UPTIME_CANTIDAD_META_GENERAL'),(204,'TI','M',1,12,2014,'0.980','UPTIME_CANTIDAD_META_GENERAL'),(510,'TI','M',1,1,2014,'280','SERVICIO_SOLICITUD_SERVICIO_CUMPLE'),(511,'TI','M',1,1,2014,'3','SERVICIO_SOLICITUD_SERVICIO_NO_CUMPLE'),(512,'TI','M',1,1,2015,'2','SERVICIO_SOLICITUD_SERVICIO_CUMPLE'),(513,'TI','M',1,10,2013,'310','SERVICIO_SOLICITUD_SERVICIO_CUMPLE'),(514,'TI','M',1,10,2013,'2','SERVICIO_SOLICITUD_SERVICIO_NO_CUMPLE'),(515,'TI','M',1,10,2014,'4','SERVICIO_SOLICITUD_SERVICIO_CUMPLE'),(516,'TI','M',1,11,2013,'271','SERVICIO_SOLICITUD_SERVICIO_CUMPLE'),(517,'TI','M',1,11,2013,'3','SERVICIO_SOLICITUD_SERVICIO_NO_CUMPLE'),(518,'TI','M',1,12,2013,'220','SERVICIO_SOLICITUD_SERVICIO_CUMPLE'),(519,'TI','M',1,12,2013,'1','SERVICIO_SOLICITUD_SERVICIO_NO_CUMPLE'),(520,'TI','M',1,2,2014,'305','SERVICIO_SOLICITUD_SERVICIO_CUMPLE'),(521,'TI','M',1,2,2014,'2','SERVICIO_SOLICITUD_SERVICIO_NO_CUMPLE'),(522,'TI','M',1,2,2015,'1','SERVICIO_SOLICITUD_SERVICIO_CUMPLE'),(523,'TI','M',1,3,2014,'320','SERVICIO_SOLICITUD_SERVICIO_CUMPLE'),(524,'TI','M',1,3,2014,'4','SERVICIO_SOLICITUD_SERVICIO_NO_CUMPLE'),(525,'TI','M',1,4,2014,'386','SERVICIO_SOLICITUD_SERVICIO_CUMPLE'),(526,'TI','M',1,4,2014,'13','SERVICIO_SOLICITUD_SERVICIO_NO_CUMPLE'),(527,'TI','M',1,5,2014,'370','SERVICIO_SOLICITUD_SERVICIO_CUMPLE'),(528,'TI','M',1,5,2014,'4','SERVICIO_SOLICITUD_SERVICIO_NO_CUMPLE'),(529,'TI','M',1,6,2014,'163','SERVICIO_SOLICITUD_SERVICIO_CUMPLE'),(530,'TI','M',1,6,2014,'2','SERVICIO_SOLICITUD_SERVICIO_NO_CUMPLE'),(531,'TI','M',1,7,2014,'173','SERVICIO_SOLICITUD_SERVICIO_CUMPLE'),(532,'TI','M',1,7,2014,'44','SERVICIO_SOLICITUD_SERVICIO_NO_CUMPLE'),(533,'TI','M',1,8,2013,'80','SERVICIO_SOLICITUD_SERVICIO_CUMPLE'),(534,'TI','M',1,8,2014,'305','SERVICIO_SOLICITUD_SERVICIO_CUMPLE'),(535,'TI','M',1,8,2014,'7','SERVICIO_SOLICITUD_SERVICIO_NO_CUMPLE'),(536,'TI','M',1,9,2013,'240','SERVICIO_SOLICITUD_SERVICIO_CUMPLE'),(537,'TI','M',1,9,2013,'2','SERVICIO_SOLICITUD_SERVICIO_NO_CUMPLE'),(538,'TI','M',1,9,2014,'245','SERVICIO_SOLICITUD_SERVICIO_CUMPLE'),(539,'TI','M',1,9,2014,'6','SERVICIO_SOLICITUD_SERVICIO_NO_CUMPLE'),(540,'TI','M',1,1,2014,'4.139285714','SERVICIO_SOLICITUD_SERVICIO_TIEMPO_DE_ATENCION'),(541,'TI','M',1,1,2015,'100.000000000','SERVICIO_SOLICITUD_SERVICIO_TIEMPO_DE_ATENCION'),(542,'TI','M',1,10,2013,'1.645161290','SERVICIO_SOLICITUD_SERVICIO_TIEMPO_DE_ATENCION'),(543,'TI','M',1,10,2014,'100.000000000','SERVICIO_SOLICITUD_SERVICIO_TIEMPO_DE_ATENCION'),(544,'TI','M',1,11,2013,'1.763837638','SERVICIO_SOLICITUD_SERVICIO_TIEMPO_DE_ATENCION'),(545,'TI','M',1,12,2013,'1.636363636','SERVICIO_SOLICITUD_SERVICIO_TIEMPO_DE_ATENCION'),(546,'TI','M',1,2,2014,'4.760655737','SERVICIO_SOLICITUD_SERVICIO_TIEMPO_DE_ATENCION'),(547,'TI','M',1,2,2015,'100.000000000','SERVICIO_SOLICITUD_SERVICIO_TIEMPO_DE_ATENCION'),(548,'TI','M',1,3,2014,'5.240625000','SERVICIO_SOLICITUD_SERVICIO_TIEMPO_DE_ATENCION'),(549,'TI','M',1,4,2014,'4.000000000','SERVICIO_SOLICITUD_SERVICIO_TIEMPO_DE_ATENCION'),(550,'TI','M',1,5,2014,'3.100000000','SERVICIO_SOLICITUD_SERVICIO_TIEMPO_DE_ATENCION'),(551,'TI','M',1,6,2014,'3.926380368','SERVICIO_SOLICITUD_SERVICIO_TIEMPO_DE_ATENCION'),(552,'TI','M',1,7,2014,'3.502890173','SERVICIO_SOLICITUD_SERVICIO_TIEMPO_DE_ATENCION'),(553,'TI','M',1,8,2013,'1.325000000','SERVICIO_SOLICITUD_SERVICIO_TIEMPO_DE_ATENCION'),(554,'TI','M',1,8,2014,'2.255737704','SERVICIO_SOLICITUD_SERVICIO_TIEMPO_DE_ATENCION'),(555,'TI','M',1,9,2013,'1.525000000','SERVICIO_SOLICITUD_SERVICIO_TIEMPO_DE_ATENCION'),(556,'TI','M',1,9,2014,'3.877551020','SERVICIO_SOLICITUD_SERVICIO_TIEMPO_DE_ATENCION'),(1024,'TI','M',1,1,2014,'99','SERVICIO_SOLICITUD_SERVICIO_META'),(1025,'TI','M',1,2,2014,'95','SERVICIO_SOLICITUD_SERVICIO_META'),(1026,'TI','M',1,3,2014,'95','SERVICIO_SOLICITUD_SERVICIO_META'),(1027,'TI','M',1,4,2014,'95','SERVICIO_SOLICITUD_SERVICIO_META'),(1028,'TI','M',1,5,2014,'95','SERVICIO_SOLICITUD_SERVICIO_META'),(1029,'TI','M',1,6,2014,'95','SERVICIO_SOLICITUD_SERVICIO_META'),(1030,'TI','M',1,7,2014,'95','SERVICIO_SOLICITUD_SERVICIO_META'),(1031,'TI','M',1,8,2014,'95','SERVICIO_SOLICITUD_SERVICIO_META'),(1032,'TI','M',1,9,2014,'95','SERVICIO_SOLICITUD_SERVICIO_META'),(1033,'TI','M',1,10,2014,'95','SERVICIO_SOLICITUD_SERVICIO_META'),(1034,'TI','M',1,11,2014,'95','SERVICIO_SOLICITUD_SERVICIO_META'),(1035,'TI','M',1,12,2014,'95','SERVICIO_SOLICITUD_SERVICIO_META'),(1036,'TI','M',1,1,2014,'1.000','UPTIME_RATIO_INTERNET'),(1037,'TI','M',1,2,2014,'1.000','UPTIME_RATIO_INTERNET'),(1038,'TI','M',1,3,2014,'1.000','UPTIME_RATIO_INTERNET'),(1039,'TI','M',1,4,2014,'1.000','UPTIME_RATIO_INTERNET'),(1040,'TI','M',1,5,2014,'0.997','UPTIME_RATIO_INTERNET'),(1041,'TI','M',1,6,2014,'1.000','UPTIME_RATIO_INTERNET'),(1042,'TI','M',1,7,2014,'1.000','UPTIME_RATIO_INTERNET'),(1043,'TI','M',1,8,2014,'0.998','UPTIME_RATIO_INTERNET'),(1044,'TI','M',1,9,2014,'0.989','UPTIME_RATIO_INTERNET'),(1045,'TI','M',1,10,2014,'1.000','UPTIME_RATIO_INTERNET'),(1046,'TI','M',1,11,2014,'0.999','UPTIME_RATIO_INTERNET'),(1047,'TI','M',1,12,2014,'1.000','UPTIME_RATIO_INTERNET'),(1048,'TI','M',1,1,2014,'0.000','UPTIME_CANTIDAD_INTERNET'),(1049,'TI','M',1,2,2014,'0.000','UPTIME_CANTIDAD_INTERNET'),(1050,'TI','M',1,3,2014,'0.000','UPTIME_CANTIDAD_INTERNET'),(1051,'TI','M',1,4,2014,'0.000','UPTIME_CANTIDAD_INTERNET'),(1052,'TI','M',1,5,2014,'1.000','UPTIME_CANTIDAD_INTERNET'),(1053,'TI','M',1,6,2014,'0.000','UPTIME_CANTIDAD_INTERNET'),(1054,'TI','M',1,7,2014,'0.000','UPTIME_CANTIDAD_INTERNET'),(1055,'TI','M',1,8,2014,'2.000','UPTIME_CANTIDAD_INTERNET'),(1056,'TI','M',1,9,2014,'1.000','UPTIME_CANTIDAD_INTERNET'),(1057,'TI','M',1,10,2014,'0.000','UPTIME_CANTIDAD_INTERNET'),(1058,'TI','M',1,11,2014,'2.000','UPTIME_CANTIDAD_INTERNET'),(1059,'TI','M',1,12,2014,'0.000','UPTIME_CANTIDAD_INTERNET'),(1060,'TI','M',1,1,2014,'0.980','UPTIME_CANTIDAD_META_INTERNET'),(1061,'TI','M',1,2,2014,'0.980','UPTIME_CANTIDAD_META_INTERNET'),(1062,'TI','M',1,3,2014,'0.980','UPTIME_CANTIDAD_META_INTERNET'),(1063,'TI','M',1,4,2014,'0.980','UPTIME_CANTIDAD_META_INTERNET'),(1064,'TI','M',1,5,2014,'0.980','UPTIME_CANTIDAD_META_INTERNET'),(1065,'TI','M',1,6,2014,'0.980','UPTIME_CANTIDAD_META_INTERNET'),(1066,'TI','M',1,7,2014,'0.980','UPTIME_CANTIDAD_META_INTERNET'),(1067,'TI','M',1,8,2014,'0.980','UPTIME_CANTIDAD_META_INTERNET'),(1068,'TI','M',1,9,2014,'0.980','UPTIME_CANTIDAD_META_INTERNET'),(1069,'TI','M',1,10,2014,'0.980','UPTIME_CANTIDAD_META_INTERNET'),(1070,'TI','M',1,11,2014,'0.980','UPTIME_CANTIDAD_META_INTERNET'),(1071,'TI','M',1,12,2014,'0.980','UPTIME_CANTIDAD_META_INTERNET'),(1104,'TI','M',1,1,2014,'310.000','MESA_DE_AYUDA_CANTIDAD'),(1105,'TI','M',1,2,2014,'289.000','MESA_DE_AYUDA_CANTIDAD'),(1106,'TI','M',1,3,2014,'286.000','MESA_DE_AYUDA_CANTIDAD'),(1107,'TI','M',1,4,2014,'365.000','MESA_DE_AYUDA_CANTIDAD'),(1108,'TI','M',1,5,2014,'-1.000','MESA_DE_AYUDA_CANTIDAD'),(1109,'TI','M',1,6,2014,'-1.000','MESA_DE_AYUDA_CANTIDAD'),(1110,'TI','M',1,7,2014,'-1.000','MESA_DE_AYUDA_CANTIDAD'),(1111,'TI','M',1,8,2014,'-1.000','MESA_DE_AYUDA_CANTIDAD'),(1112,'TI','M',1,9,2014,'-1.000','MESA_DE_AYUDA_CANTIDAD'),(1113,'TI','M',1,10,2014,'-1.000','MESA_DE_AYUDA_CANTIDAD'),(1114,'TI','M',1,11,2014,'-1.000','MESA_DE_AYUDA_CANTIDAD'),(1115,'TI','M',1,12,2014,'-1.000','MESA_DE_AYUDA_CANTIDAD'),(1769,'TI','M',1,1,2014,'4437860','PRESUPUESTO_FINANZAS_COMUNICACIONES'),(1770,'TI','M',1,1,2014,'1737571','PRESUPUESTO_FINANZAS_COSTO-DE-OFICINA'),(1771,'TI','M',1,1,2014,'79786','PRESUPUESTO_FINANZAS_DEPRECIACION-/-AMORTIZACION'),(1772,'TI','M',1,1,2014,'0','PRESUPUESTO_FINANZAS_GASTO-GENERAL'),(1773,'TI','M',1,1,2014,'0','PRESUPUESTO_FINANZAS_GASTOS-DE-VIAJES-POR-NEGOCIO'),(1774,'TI','M',1,1,2014,'0','PRESUPUESTO_FINANZAS_GASTOS-GENERALES-DIVERSOS'),(1775,'TI','M',1,1,2014,'0','PRESUPUESTO_FINANZAS_MOVILIDAD'),(1776,'TI','M',1,1,2014,'2788822','PRESUPUESTO_FINANZAS_REMUNERACIONES'),(1777,'TI','M',1,1,2014,'13471500','PRESUPUESTO_FINANZAS_SOPORTE-INFORMATICO'),(1778,'TI','M',1,1,2014,'0','PRESUPUESTO_FINANZAS_TRANSPORTE'),(1779,'TI','M',1,1,2014,'4262619','PROYECTADO_FINANZAS_COMUNICACIONES'),(1780,'TI','M',1,1,2014,'1521594','PROYECTADO_FINANZAS_COSTO-DE-OFICINA'),(1781,'TI','M',1,1,2014,'3956504','PROYECTADO_FINANZAS_DEPRECIACION-/-AMORTIZACION'),(1782,'TI','M',1,1,2014,'0','PROYECTADO_FINANZAS_GASTO-GENERAL'),(1783,'TI','M',1,1,2014,'2750','PROYECTADO_FINANZAS_GASTOS-DE-VIAJES-POR-NEGOCIO'),(1784,'TI','M',1,1,2014,'0','PROYECTADO_FINANZAS_GASTOS-GENERALES-DIVERSOS'),(1785,'TI','M',1,1,2014,'0','PROYECTADO_FINANZAS_MOVILIDAD'),(1786,'TI','M',1,1,2014,'4970241','PROYECTADO_FINANZAS_REMUNERACIONES'),(1787,'TI','M',1,1,2014,'11824763','PROYECTADO_FINANZAS_SOPORTE-INFORMATICO'),(1788,'TI','M',1,1,2014,'0','PROYECTADO_FINANZAS_TRANSPORTE'),(1789,'TI','M',1,1,2014,'1521594','REAL_FINANZAS_COSTO-DE-OFICINA'),(1790,'TI','M',1,1,2014,'0','REAL_FINANZAS_GASTO-GENERAL'),(1791,'TI','M',1,1,2014,'2750','REAL_FINANZAS_GASTOS-DE-VIAJES-POR-NEGOCIO'),(1792,'TI','M',1,1,2014,'0','REAL_FINANZAS_GASTOS-GENERALES-DIVERSOS'),(1793,'TI','M',1,1,2014,'0','REAL_FINANZAS_MOVILIDAD'),(1794,'TI','M',1,1,2014,'4970241','REAL_FINANZAS_REMUNERACIONES'),(1795,'TI','M',1,1,2014,'0','REAL_FINANZAS_TRANSPORTE'),(1796,'TI','M',1,10,2014,'4425680','PRESUPUESTO_FINANZAS_COMUNICACIONES'),(1797,'TI','M',1,10,2014,'629817','PRESUPUESTO_FINANZAS_COSTO-DE-OFICINA'),(1798,'TI','M',1,10,2014,'79786','PRESUPUESTO_FINANZAS_DEPRECIACION-/-AMORTIZACION'),(1799,'TI','M',1,10,2014,'0','PRESUPUESTO_FINANZAS_GASTO-GENERAL'),(1800,'TI','M',1,10,2014,'0','PRESUPUESTO_FINANZAS_GASTOS-DE-VIAJES-POR-NEGOCIO'),(1801,'TI','M',1,10,2014,'0','PRESUPUESTO_FINANZAS_GASTOS-GENERALES-DIVERSOS'),(1802,'TI','M',1,10,2014,'0','PRESUPUESTO_FINANZAS_MOVILIDAD'),(1803,'TI','M',1,10,2014,'5476485','PRESUPUESTO_FINANZAS_REMUNERACIONES'),(1804,'TI','M',1,10,2014,'13471500','PRESUPUESTO_FINANZAS_SOPORTE-INFORMATICO'),(1805,'TI','M',1,10,2014,'0','PRESUPUESTO_FINANZAS_TRANSPORTE'),(1806,'TI','M',1,10,2014,'-3966320','PROYECTADO_FINANZAS_COMUNICACIONES'),(1807,'TI','M',1,10,2014,'629817','PROYECTADO_FINANZAS_COSTO-DE-OFICINA'),(1808,'TI','M',1,10,2014,'79786','PROYECTADO_FINANZAS_DEPRECIACION-/-AMORTIZACION'),(1809,'TI','M',1,10,2014,'0','PROYECTADO_FINANZAS_GASTO-GENERAL'),(1810,'TI','M',1,10,2014,'0','PROYECTADO_FINANZAS_GASTOS-DE-VIAJES-POR-NEGOCIO'),(1811,'TI','M',1,10,2014,'0','PROYECTADO_FINANZAS_GASTOS-GENERALES-DIVERSOS'),(1812,'TI','M',1,10,2014,'0','PROYECTADO_FINANZAS_MOVILIDAD'),(1813,'TI','M',1,10,2014,'5476485','PROYECTADO_FINANZAS_REMUNERACIONES'),(1814,'TI','M',1,10,2014,'8500000','PROYECTADO_FINANZAS_SOPORTE-INFORMATICO'),(1815,'TI','M',1,10,2014,'0','PROYECTADO_FINANZAS_TRANSPORTE'),(1816,'TI','M',1,10,2014,'0','REAL_FINANZAS_COSTO-DE-OFICINA'),(1817,'TI','M',1,10,2014,'0','REAL_FINANZAS_GASTO-GENERAL'),(1818,'TI','M',1,10,2014,'0','REAL_FINANZAS_GASTOS-DE-VIAJES-POR-NEGOCIO'),(1819,'TI','M',1,10,2014,'0','REAL_FINANZAS_GASTOS-GENERALES-DIVERSOS'),(1820,'TI','M',1,10,2014,'0','REAL_FINANZAS_MOVILIDAD'),(1821,'TI','M',1,10,2014,'0','REAL_FINANZAS_REMUNERACIONES'),(1822,'TI','M',1,10,2014,'0','REAL_FINANZAS_TRANSPORTE'),(1823,'TI','M',1,11,2014,'4425680','PRESUPUESTO_FINANZAS_COMUNICACIONES'),(1824,'TI','M',1,11,2014,'629817','PRESUPUESTO_FINANZAS_COSTO-DE-OFICINA'),(1825,'TI','M',1,11,2014,'79786','PRESUPUESTO_FINANZAS_DEPRECIACION-/-AMORTIZACION'),(1826,'TI','M',1,11,2014,'0','PRESUPUESTO_FINANZAS_GASTO-GENERAL'),(1827,'TI','M',1,11,2014,'0','PRESUPUESTO_FINANZAS_GASTOS-DE-VIAJES-POR-NEGOCIO'),(1828,'TI','M',1,11,2014,'0','PRESUPUESTO_FINANZAS_GASTOS-GENERALES-DIVERSOS'),(1829,'TI','M',1,11,2014,'0','PRESUPUESTO_FINANZAS_MOVILIDAD'),(1830,'TI','M',1,11,2014,'5619343','PRESUPUESTO_FINANZAS_REMUNERACIONES'),(1831,'TI','M',1,11,2014,'13471500','PRESUPUESTO_FINANZAS_SOPORTE-INFORMATICO'),(1832,'TI','M',1,11,2014,'0','PRESUPUESTO_FINANZAS_TRANSPORTE'),(1833,'TI','M',1,11,2014,'-3966320','PROYECTADO_FINANZAS_COMUNICACIONES'),(1834,'TI','M',1,11,2014,'629817','PROYECTADO_FINANZAS_COSTO-DE-OFICINA'),(1835,'TI','M',1,11,2014,'79786','PROYECTADO_FINANZAS_DEPRECIACION-/-AMORTIZACION'),(1836,'TI','M',1,11,2014,'0','PROYECTADO_FINANZAS_GASTO-GENERAL'),(1837,'TI','M',1,11,2014,'0','PROYECTADO_FINANZAS_GASTOS-DE-VIAJES-POR-NEGOCIO'),(1838,'TI','M',1,11,2014,'0','PROYECTADO_FINANZAS_GASTOS-GENERALES-DIVERSOS'),(1839,'TI','M',1,11,2014,'0','PROYECTADO_FINANZAS_MOVILIDAD'),(1840,'TI','M',1,11,2014,'5619343','PROYECTADO_FINANZAS_REMUNERACIONES'),(1841,'TI','M',1,11,2014,'8500000','PROYECTADO_FINANZAS_SOPORTE-INFORMATICO'),(1842,'TI','M',1,11,2014,'0','PROYECTADO_FINANZAS_TRANSPORTE'),(1843,'TI','M',1,11,2014,'0','REAL_FINANZAS_COSTO-DE-OFICINA'),(1844,'TI','M',1,11,2014,'0','REAL_FINANZAS_GASTO-GENERAL'),(1845,'TI','M',1,11,2014,'0','REAL_FINANZAS_GASTOS-DE-VIAJES-POR-NEGOCIO'),(1846,'TI','M',1,11,2014,'0','REAL_FINANZAS_GASTOS-GENERALES-DIVERSOS'),(1847,'TI','M',1,11,2014,'0','REAL_FINANZAS_MOVILIDAD'),(1848,'TI','M',1,11,2014,'0','REAL_FINANZAS_REMUNERACIONES'),(1849,'TI','M',1,11,2014,'0','REAL_FINANZAS_TRANSPORTE'),(1850,'TI','M',1,12,2014,'4425680','PRESUPUESTO_FINANZAS_COMUNICACIONES'),(1851,'TI','M',1,12,2014,'629817','PRESUPUESTO_FINANZAS_COSTO-DE-OFICINA'),(1852,'TI','M',1,12,2014,'79786','PRESUPUESTO_FINANZAS_DEPRECIACION-/-AMORTIZACION'),(1853,'TI','M',1,12,2014,'0','PRESUPUESTO_FINANZAS_GASTO-GENERAL'),(1854,'TI','M',1,12,2014,'0','PRESUPUESTO_FINANZAS_GASTOS-DE-VIAJES-POR-NEGOCIO'),(1855,'TI','M',1,12,2014,'0','PRESUPUESTO_FINANZAS_GASTOS-GENERALES-DIVERSOS'),(1856,'TI','M',1,12,2014,'0','PRESUPUESTO_FINANZAS_MOVILIDAD'),(1857,'TI','M',1,12,2014,'5484485','PRESUPUESTO_FINANZAS_REMUNERACIONES'),(1858,'TI','M',1,12,2014,'13471500','PRESUPUESTO_FINANZAS_SOPORTE-INFORMATICO'),(1859,'TI','M',1,12,2014,'0','PRESUPUESTO_FINANZAS_TRANSPORTE'),(1860,'TI','M',1,12,2014,'-3966320','PROYECTADO_FINANZAS_COMUNICACIONES'),(1861,'TI','M',1,12,2014,'629817','PROYECTADO_FINANZAS_COSTO-DE-OFICINA'),(1862,'TI','M',1,12,2014,'79786','PROYECTADO_FINANZAS_DEPRECIACION-/-AMORTIZACION'),(1863,'TI','M',1,12,2014,'0','PROYECTADO_FINANZAS_GASTO-GENERAL'),(1864,'TI','M',1,12,2014,'0','PROYECTADO_FINANZAS_GASTOS-DE-VIAJES-POR-NEGOCIO'),(1865,'TI','M',1,12,2014,'0','PROYECTADO_FINANZAS_GASTOS-GENERALES-DIVERSOS'),(1866,'TI','M',1,12,2014,'0','PROYECTADO_FINANZAS_MOVILIDAD'),(1867,'TI','M',1,12,2014,'5484485','PROYECTADO_FINANZAS_REMUNERACIONES'),(1868,'TI','M',1,12,2014,'8500000','PROYECTADO_FINANZAS_SOPORTE-INFORMATICO'),(1869,'TI','M',1,12,2014,'0','PROYECTADO_FINANZAS_TRANSPORTE'),(1870,'TI','M',1,12,2014,'0','REAL_FINANZAS_COSTO-DE-OFICINA'),(1871,'TI','M',1,12,2014,'0','REAL_FINANZAS_GASTO-GENERAL'),(1872,'TI','M',1,12,2014,'0','REAL_FINANZAS_GASTOS-DE-VIAJES-POR-NEGOCIO'),(1873,'TI','M',1,12,2014,'0','REAL_FINANZAS_GASTOS-GENERALES-DIVERSOS'),(1874,'TI','M',1,12,2014,'0','REAL_FINANZAS_MOVILIDAD'),(1875,'TI','M',1,12,2014,'0','REAL_FINANZAS_REMUNERACIONES'),(1876,'TI','M',1,12,2014,'0','REAL_FINANZAS_TRANSPORTE'),(1877,'TI','M',1,2,2014,'4425680','PRESUPUESTO_FINANZAS_COMUNICACIONES'),(1878,'TI','M',1,2,2014,'629817','PRESUPUESTO_FINANZAS_COSTO-DE-OFICINA'),(1879,'TI','M',1,2,2014,'79786','PRESUPUESTO_FINANZAS_DEPRECIACION-/-AMORTIZACION'),(1880,'TI','M',1,2,2014,'0','PRESUPUESTO_FINANZAS_GASTO-GENERAL'),(1881,'TI','M',1,2,2014,'0','PRESUPUESTO_FINANZAS_GASTOS-DE-VIAJES-POR-NEGOCIO'),(1882,'TI','M',1,2,2014,'0','PRESUPUESTO_FINANZAS_GASTOS-GENERALES-DIVERSOS'),(1883,'TI','M',1,2,2014,'0','PRESUPUESTO_FINANZAS_MOVILIDAD'),(1884,'TI','M',1,2,2014,'5476485','PRESUPUESTO_FINANZAS_REMUNERACIONES'),(1885,'TI','M',1,2,2014,'13471500','PRESUPUESTO_FINANZAS_SOPORTE-INFORMATICO'),(1886,'TI','M',1,2,2014,'0','PRESUPUESTO_FINANZAS_TRANSPORTE'),(1887,'TI','M',1,2,2014,'2814011','PROYECTADO_FINANZAS_COMUNICACIONES'),(1888,'TI','M',1,2,2014,'589369','PROYECTADO_FINANZAS_COSTO-DE-OFICINA'),(1889,'TI','M',1,2,2014,'3956504','PROYECTADO_FINANZAS_DEPRECIACION-/-AMORTIZACION'),(1890,'TI','M',1,2,2014,'0','PROYECTADO_FINANZAS_GASTO-GENERAL'),(1891,'TI','M',1,2,2014,'0','PROYECTADO_FINANZAS_GASTOS-DE-VIAJES-POR-NEGOCIO'),(1892,'TI','M',1,2,2014,'0','PROYECTADO_FINANZAS_GASTOS-GENERALES-DIVERSOS'),(1893,'TI','M',1,2,2014,'55200','PROYECTADO_FINANZAS_MOVILIDAD'),(1894,'TI','M',1,2,2014,'4457675','PROYECTADO_FINANZAS_REMUNERACIONES'),(1895,'TI','M',1,2,2014,'12354505','PROYECTADO_FINANZAS_SOPORTE-INFORMATICO'),(1896,'TI','M',1,2,2014,'0','PROYECTADO_FINANZAS_TRANSPORTE'),(1897,'TI','M',1,2,2014,'589369','REAL_FINANZAS_COSTO-DE-OFICINA'),(1898,'TI','M',1,2,2014,'0','REAL_FINANZAS_GASTO-GENERAL'),(1899,'TI','M',1,2,2014,'0','REAL_FINANZAS_GASTOS-DE-VIAJES-POR-NEGOCIO'),(1900,'TI','M',1,2,2014,'0','REAL_FINANZAS_GASTOS-GENERALES-DIVERSOS'),(1901,'TI','M',1,2,2014,'55200','REAL_FINANZAS_MOVILIDAD'),(1902,'TI','M',1,2,2014,'4457675','REAL_FINANZAS_REMUNERACIONES'),(1903,'TI','M',1,2,2014,'0','REAL_FINANZAS_TRANSPORTE'),(1904,'TI','M',1,3,2014,'4425680','PRESUPUESTO_FINANZAS_COMUNICACIONES'),(1905,'TI','M',1,3,2014,'629817','PRESUPUESTO_FINANZAS_COSTO-DE-OFICINA'),(1906,'TI','M',1,3,2014,'79786','PRESUPUESTO_FINANZAS_DEPRECIACION-/-AMORTIZACION'),(1907,'TI','M',1,3,2014,'0','PRESUPUESTO_FINANZAS_GASTO-GENERAL'),(1908,'TI','M',1,3,2014,'0','PRESUPUESTO_FINANZAS_GASTOS-DE-VIAJES-POR-NEGOCIO'),(1909,'TI','M',1,3,2014,'0','PRESUPUESTO_FINANZAS_GASTOS-GENERALES-DIVERSOS'),(1910,'TI','M',1,3,2014,'0','PRESUPUESTO_FINANZAS_MOVILIDAD'),(1911,'TI','M',1,3,2014,'5486085','PRESUPUESTO_FINANZAS_REMUNERACIONES'),(1912,'TI','M',1,3,2014,'13471500','PRESUPUESTO_FINANZAS_SOPORTE-INFORMATICO'),(1913,'TI','M',1,3,2014,'0','PRESUPUESTO_FINANZAS_TRANSPORTE'),(1914,'TI','M',1,3,2014,'-1957985','PROYECTADO_FINANZAS_COMUNICACIONES'),(1915,'TI','M',1,3,2014,'564426','PROYECTADO_FINANZAS_COSTO-DE-OFICINA'),(1916,'TI','M',1,3,2014,'3956504','PROYECTADO_FINANZAS_DEPRECIACION-/-AMORTIZACION'),(1917,'TI','M',1,3,2014,'0','PROYECTADO_FINANZAS_GASTO-GENERAL'),(1918,'TI','M',1,3,2014,'0','PROYECTADO_FINANZAS_GASTOS-DE-VIAJES-POR-NEGOCIO'),(1919,'TI','M',1,3,2014,'17299','PROYECTADO_FINANZAS_GASTOS-GENERALES-DIVERSOS'),(1920,'TI','M',1,3,2014,'0','PROYECTADO_FINANZAS_MOVILIDAD'),(1921,'TI','M',1,3,2014,'3793484','PROYECTADO_FINANZAS_REMUNERACIONES'),(1922,'TI','M',1,3,2014,'19318066','PROYECTADO_FINANZAS_SOPORTE-INFORMATICO'),(1923,'TI','M',1,3,2014,'0','PROYECTADO_FINANZAS_TRANSPORTE'),(1924,'TI','M',1,3,2014,'564426','REAL_FINANZAS_COSTO-DE-OFICINA'),(1925,'TI','M',1,3,2014,'0','REAL_FINANZAS_GASTO-GENERAL'),(1926,'TI','M',1,3,2014,'0','REAL_FINANZAS_GASTOS-DE-VIAJES-POR-NEGOCIO'),(1927,'TI','M',1,3,2014,'17299','REAL_FINANZAS_GASTOS-GENERALES-DIVERSOS'),(1928,'TI','M',1,3,2014,'0','REAL_FINANZAS_MOVILIDAD'),(1929,'TI','M',1,3,2014,'3793484','REAL_FINANZAS_REMUNERACIONES'),(1930,'TI','M',1,3,2014,'0','REAL_FINANZAS_TRANSPORTE'),(1931,'TI','M',1,4,2014,'4425680','PRESUPUESTO_FINANZAS_COMUNICACIONES'),(1932,'TI','M',1,4,2014,'629817','PRESUPUESTO_FINANZAS_COSTO-DE-OFICINA'),(1933,'TI','M',1,4,2014,'79786','PRESUPUESTO_FINANZAS_DEPRECIACION-/-AMORTIZACION'),(1934,'TI','M',1,4,2014,'0','PRESUPUESTO_FINANZAS_GASTO-GENERAL'),(1935,'TI','M',1,4,2014,'0','PRESUPUESTO_FINANZAS_GASTOS-DE-VIAJES-POR-NEGOCIO'),(1936,'TI','M',1,4,2014,'0','PRESUPUESTO_FINANZAS_GASTOS-GENERALES-DIVERSOS'),(1937,'TI','M',1,4,2014,'0','PRESUPUESTO_FINANZAS_MOVILIDAD'),(1938,'TI','M',1,4,2014,'5476485','PRESUPUESTO_FINANZAS_REMUNERACIONES'),(1939,'TI','M',1,4,2014,'13471500','PRESUPUESTO_FINANZAS_SOPORTE-INFORMATICO'),(1940,'TI','M',1,4,2014,'0','PRESUPUESTO_FINANZAS_TRANSPORTE'),(1941,'TI','M',1,4,2014,'-4347942','PROYECTADO_FINANZAS_COMUNICACIONES'),(1942,'TI','M',1,4,2014,'621598','PROYECTADO_FINANZAS_COSTO-DE-OFICINA'),(1943,'TI','M',1,4,2014,'3956504','PROYECTADO_FINANZAS_DEPRECIACION-/-AMORTIZACION'),(1944,'TI','M',1,4,2014,'0','PROYECTADO_FINANZAS_GASTO-GENERAL'),(1945,'TI','M',1,4,2014,'358226','PROYECTADO_FINANZAS_GASTOS-DE-VIAJES-POR-NEGOCIO'),(1946,'TI','M',1,4,2014,'0','PROYECTADO_FINANZAS_GASTOS-GENERALES-DIVERSOS'),(1947,'TI','M',1,4,2014,'0','PROYECTADO_FINANZAS_MOVILIDAD'),(1948,'TI','M',1,4,2014,'5333711','PROYECTADO_FINANZAS_REMUNERACIONES'),(1949,'TI','M',1,4,2014,'5689038','PROYECTADO_FINANZAS_SOPORTE-INFORMATICO'),(1950,'TI','M',1,4,2014,'0','PROYECTADO_FINANZAS_TRANSPORTE'),(1951,'TI','M',1,4,2014,'621598','REAL_FINANZAS_COSTO-DE-OFICINA'),(1952,'TI','M',1,4,2014,'0','REAL_FINANZAS_GASTO-GENERAL'),(1953,'TI','M',1,4,2014,'358226','REAL_FINANZAS_GASTOS-DE-VIAJES-POR-NEGOCIO'),(1954,'TI','M',1,4,2014,'0','REAL_FINANZAS_GASTOS-GENERALES-DIVERSOS'),(1955,'TI','M',1,4,2014,'0','REAL_FINANZAS_MOVILIDAD'),(1956,'TI','M',1,4,2014,'5333711','REAL_FINANZAS_REMUNERACIONES'),(1957,'TI','M',1,4,2014,'0','REAL_FINANZAS_TRANSPORTE'),(1958,'TI','M',1,5,2014,'4425680','PRESUPUESTO_FINANZAS_COMUNICACIONES'),(1959,'TI','M',1,5,2014,'629817','PRESUPUESTO_FINANZAS_COSTO-DE-OFICINA'),(1960,'TI','M',1,5,2014,'79786','PRESUPUESTO_FINANZAS_DEPRECIACION-/-AMORTIZACION'),(1961,'TI','M',1,5,2014,'0','PRESUPUESTO_FINANZAS_GASTO-GENERAL'),(1962,'TI','M',1,5,2014,'0','PRESUPUESTO_FINANZAS_GASTOS-DE-VIAJES-POR-NEGOCIO'),(1963,'TI','M',1,5,2014,'0','PRESUPUESTO_FINANZAS_GASTOS-GENERALES-DIVERSOS'),(1964,'TI','M',1,5,2014,'0','PRESUPUESTO_FINANZAS_MOVILIDAD'),(1965,'TI','M',1,5,2014,'5396206','PRESUPUESTO_FINANZAS_REMUNERACIONES'),(1966,'TI','M',1,5,2014,'13471500','PRESUPUESTO_FINANZAS_SOPORTE-INFORMATICO'),(1967,'TI','M',1,5,2014,'0','PRESUPUESTO_FINANZAS_TRANSPORTE'),(1968,'TI','M',1,5,2014,'-2552326','PROYECTADO_FINANZAS_COMUNICACIONES'),(1969,'TI','M',1,5,2014,'242585','PROYECTADO_FINANZAS_COSTO-DE-OFICINA'),(1970,'TI','M',1,5,2014,'3956504','PROYECTADO_FINANZAS_DEPRECIACION-/-AMORTIZACION'),(1971,'TI','M',1,5,2014,'0','PROYECTADO_FINANZAS_GASTO-GENERAL'),(1972,'TI','M',1,5,2014,'464200','PROYECTADO_FINANZAS_GASTOS-DE-VIAJES-POR-NEGOCIO'),(1973,'TI','M',1,5,2014,'0','PROYECTADO_FINANZAS_GASTOS-GENERALES-DIVERSOS'),(1974,'TI','M',1,5,2014,'0','PROYECTADO_FINANZAS_MOVILIDAD'),(1975,'TI','M',1,5,2014,'5777787','PROYECTADO_FINANZAS_REMUNERACIONES'),(1976,'TI','M',1,5,2014,'8005185','PROYECTADO_FINANZAS_SOPORTE-INFORMATICO'),(1977,'TI','M',1,5,2014,'0','PROYECTADO_FINANZAS_TRANSPORTE'),(1978,'TI','M',1,5,2014,'242585','REAL_FINANZAS_COSTO-DE-OFICINA'),(1979,'TI','M',1,5,2014,'0','REAL_FINANZAS_GASTO-GENERAL'),(1980,'TI','M',1,5,2014,'464200','REAL_FINANZAS_GASTOS-DE-VIAJES-POR-NEGOCIO'),(1981,'TI','M',1,5,2014,'0','REAL_FINANZAS_GASTOS-GENERALES-DIVERSOS'),(1982,'TI','M',1,5,2014,'0','REAL_FINANZAS_MOVILIDAD'),(1983,'TI','M',1,5,2014,'5777787','REAL_FINANZAS_REMUNERACIONES'),(1984,'TI','M',1,5,2014,'0','REAL_FINANZAS_TRANSPORTE'),(1985,'TI','M',1,6,2014,'4425680','PRESUPUESTO_FINANZAS_COMUNICACIONES'),(1986,'TI','M',1,6,2014,'629817','PRESUPUESTO_FINANZAS_COSTO-DE-OFICINA'),(1987,'TI','M',1,6,2014,'79786','PRESUPUESTO_FINANZAS_DEPRECIACION-/-AMORTIZACION'),(1988,'TI','M',1,6,2014,'0','PRESUPUESTO_FINANZAS_GASTO-GENERAL'),(1989,'TI','M',1,6,2014,'0','PRESUPUESTO_FINANZAS_GASTOS-DE-VIAJES-POR-NEGOCIO'),(1990,'TI','M',1,6,2014,'0','PRESUPUESTO_FINANZAS_GASTOS-GENERALES-DIVERSOS'),(1991,'TI','M',1,6,2014,'0','PRESUPUESTO_FINANZAS_MOVILIDAD'),(1992,'TI','M',1,6,2014,'5486885','PRESUPUESTO_FINANZAS_REMUNERACIONES'),(1993,'TI','M',1,6,2014,'13471500','PRESUPUESTO_FINANZAS_SOPORTE-INFORMATICO'),(1994,'TI','M',1,6,2014,'0','PRESUPUESTO_FINANZAS_TRANSPORTE'),(1995,'TI','M',1,6,2014,'-65061','PROYECTADO_FINANZAS_COMUNICACIONES'),(1996,'TI','M',1,6,2014,'1472472','PROYECTADO_FINANZAS_COSTO-DE-OFICINA'),(1997,'TI','M',1,6,2014,'3956297','PROYECTADO_FINANZAS_DEPRECIACION-/-AMORTIZACION'),(1998,'TI','M',1,6,2014,'326040','PROYECTADO_FINANZAS_GASTO-GENERAL'),(1999,'TI','M',1,6,2014,'1771200','PROYECTADO_FINANZAS_GASTOS-DE-VIAJES-POR-NEGOCIO'),(2000,'TI','M',1,6,2014,'0','PROYECTADO_FINANZAS_GASTOS-GENERALES-DIVERSOS'),(2001,'TI','M',1,6,2014,'91260','PROYECTADO_FINANZAS_MOVILIDAD'),(2002,'TI','M',1,6,2014,'5217391','PROYECTADO_FINANZAS_REMUNERACIONES'),(2003,'TI','M',1,6,2014,'18158056','PROYECTADO_FINANZAS_SOPORTE-INFORMATICO'),(2004,'TI','M',1,6,2014,'340845','PROYECTADO_FINANZAS_TRANSPORTE'),(2005,'TI','M',1,6,2014,'1472472','REAL_FINANZAS_COSTO-DE-OFICINA'),(2006,'TI','M',1,6,2014,'326040','REAL_FINANZAS_GASTO-GENERAL'),(2007,'TI','M',1,6,2014,'1771200','REAL_FINANZAS_GASTOS-DE-VIAJES-POR-NEGOCIO'),(2008,'TI','M',1,6,2014,'0','REAL_FINANZAS_GASTOS-GENERALES-DIVERSOS'),(2009,'TI','M',1,6,2014,'91260','REAL_FINANZAS_MOVILIDAD'),(2010,'TI','M',1,6,2014,'5217391','REAL_FINANZAS_REMUNERACIONES'),(2011,'TI','M',1,6,2014,'340845','REAL_FINANZAS_TRANSPORTE'),(2012,'TI','M',1,7,2014,'4425680','PRESUPUESTO_FINANZAS_COMUNICACIONES'),(2013,'TI','M',1,7,2014,'1737571','PRESUPUESTO_FINANZAS_COSTO-DE-OFICINA'),(2014,'TI','M',1,7,2014,'79786','PRESUPUESTO_FINANZAS_DEPRECIACION-/-AMORTIZACION'),(2015,'TI','M',1,7,2014,'0','PRESUPUESTO_FINANZAS_GASTO-GENERAL'),(2016,'TI','M',1,7,2014,'0','PRESUPUESTO_FINANZAS_GASTOS-DE-VIAJES-POR-NEGOCIO'),(2017,'TI','M',1,7,2014,'0','PRESUPUESTO_FINANZAS_GASTOS-GENERALES-DIVERSOS'),(2018,'TI','M',1,7,2014,'0','PRESUPUESTO_FINANZAS_MOVILIDAD'),(2019,'TI','M',1,7,2014,'5476485','PRESUPUESTO_FINANZAS_REMUNERACIONES'),(2020,'TI','M',1,7,2014,'13471500','PRESUPUESTO_FINANZAS_SOPORTE-INFORMATICO'),(2021,'TI','M',1,7,2014,'0','PRESUPUESTO_FINANZAS_TRANSPORTE'),(2022,'TI','M',1,7,2014,'10198631','PROYECTADO_FINANZAS_COMUNICACIONES'),(2023,'TI','M',1,7,2014,'4115630','PROYECTADO_FINANZAS_COSTO-DE-OFICINA'),(2024,'TI','M',1,7,2014,'3958034','PROYECTADO_FINANZAS_DEPRECIACION-/-AMORTIZACION'),(2025,'TI','M',1,7,2014,'100217','PROYECTADO_FINANZAS_GASTO-GENERAL'),(2026,'TI','M',1,7,2014,'174266','PROYECTADO_FINANZAS_GASTOS-DE-VIAJES-POR-NEGOCIO'),(2027,'TI','M',1,7,2014,'0','PROYECTADO_FINANZAS_GASTOS-GENERALES-DIVERSOS'),(2028,'TI','M',1,7,2014,'0','PROYECTADO_FINANZAS_MOVILIDAD'),(2029,'TI','M',1,7,2014,'6762074','PROYECTADO_FINANZAS_REMUNERACIONES'),(2030,'TI','M',1,7,2014,'17278814','PROYECTADO_FINANZAS_SOPORTE-INFORMATICO'),(2031,'TI','M',1,7,2014,'26724','PROYECTADO_FINANZAS_TRANSPORTE'),(2032,'TI','M',1,7,2014,'4115630','REAL_FINANZAS_COSTO-DE-OFICINA'),(2033,'TI','M',1,7,2014,'100217','REAL_FINANZAS_GASTO-GENERAL'),(2034,'TI','M',1,7,2014,'174266','REAL_FINANZAS_GASTOS-DE-VIAJES-POR-NEGOCIO'),(2035,'TI','M',1,7,2014,'0','REAL_FINANZAS_GASTOS-GENERALES-DIVERSOS'),(2036,'TI','M',1,7,2014,'0','REAL_FINANZAS_MOVILIDAD'),(2037,'TI','M',1,7,2014,'6762074','REAL_FINANZAS_REMUNERACIONES'),(2038,'TI','M',1,7,2014,'26724','REAL_FINANZAS_TRANSPORTE'),(2039,'TI','M',1,8,2014,'4425680','PRESUPUESTO_FINANZAS_COMUNICACIONES'),(2040,'TI','M',1,8,2014,'629817','PRESUPUESTO_FINANZAS_COSTO-DE-OFICINA'),(2041,'TI','M',1,8,2014,'79786','PRESUPUESTO_FINANZAS_DEPRECIACION-/-AMORTIZACION'),(2042,'TI','M',1,8,2014,'0','PRESUPUESTO_FINANZAS_GASTO-GENERAL'),(2043,'TI','M',1,8,2014,'0','PRESUPUESTO_FINANZAS_GASTOS-DE-VIAJES-POR-NEGOCIO'),(2044,'TI','M',1,8,2014,'0','PRESUPUESTO_FINANZAS_GASTOS-GENERALES-DIVERSOS'),(2045,'TI','M',1,8,2014,'0','PRESUPUESTO_FINANZAS_MOVILIDAD'),(2046,'TI','M',1,8,2014,'5476485','PRESUPUESTO_FINANZAS_REMUNERACIONES'),(2047,'TI','M',1,8,2014,'13471500','PRESUPUESTO_FINANZAS_SOPORTE-INFORMATICO'),(2048,'TI','M',1,8,2014,'0','PRESUPUESTO_FINANZAS_TRANSPORTE'),(2049,'TI','M',1,8,2014,'-5114080','PROYECTADO_FINANZAS_COMUNICACIONES'),(2050,'TI','M',1,8,2014,'2683967','PROYECTADO_FINANZAS_COSTO-DE-OFICINA'),(2051,'TI','M',1,8,2014,'3980606','PROYECTADO_FINANZAS_DEPRECIACION-/-AMORTIZACION'),(2052,'TI','M',1,8,2014,'0','PROYECTADO_FINANZAS_GASTO-GENERAL'),(2053,'TI','M',1,8,2014,'0','PROYECTADO_FINANZAS_GASTOS-DE-VIAJES-POR-NEGOCIO'),(2054,'TI','M',1,8,2014,'0','PROYECTADO_FINANZAS_GASTOS-GENERALES-DIVERSOS'),(2055,'TI','M',1,8,2014,'32400','PROYECTADO_FINANZAS_MOVILIDAD'),(2056,'TI','M',1,8,2014,'6613150','PROYECTADO_FINANZAS_REMUNERACIONES'),(2057,'TI','M',1,8,2014,'5267053','PROYECTADO_FINANZAS_SOPORTE-INFORMATICO'),(2058,'TI','M',1,8,2014,'0','PROYECTADO_FINANZAS_TRANSPORTE'),(2059,'TI','M',1,8,2014,'2683967','REAL_FINANZAS_COSTO-DE-OFICINA'),(2060,'TI','M',1,8,2014,'107966','REAL_FINANZAS_GASTO-GENERAL'),(2061,'TI','M',1,8,2014,'0','REAL_FINANZAS_GASTOS-DE-VIAJES-POR-NEGOCIO'),(2062,'TI','M',1,8,2014,'0','REAL_FINANZAS_GASTOS-GENERALES-DIVERSOS'),(2063,'TI','M',1,8,2014,'32400','REAL_FINANZAS_MOVILIDAD'),(2064,'TI','M',1,8,2014,'6613150','REAL_FINANZAS_REMUNERACIONES'),(2065,'TI','M',1,8,2014,'0','REAL_FINANZAS_TRANSPORTE'),(2066,'TI','M',1,9,2014,'4425680','PRESUPUESTO_FINANZAS_COMUNICACIONES'),(2067,'TI','M',1,9,2014,'629817','PRESUPUESTO_FINANZAS_COSTO-DE-OFICINA'),(2068,'TI','M',1,9,2014,'79786','PRESUPUESTO_FINANZAS_DEPRECIACION-/-AMORTIZACION'),(2069,'TI','M',1,9,2014,'0','PRESUPUESTO_FINANZAS_GASTO-GENERAL'),(2070,'TI','M',1,9,2014,'0','PRESUPUESTO_FINANZAS_GASTOS-DE-VIAJES-POR-NEGOCIO'),(2071,'TI','M',1,9,2014,'0','PRESUPUESTO_FINANZAS_GASTOS-GENERALES-DIVERSOS'),(2072,'TI','M',1,9,2014,'0','PRESUPUESTO_FINANZAS_MOVILIDAD'),(2073,'TI','M',1,9,2014,'5484485','PRESUPUESTO_FINANZAS_REMUNERACIONES'),(2074,'TI','M',1,9,2014,'13471500','PRESUPUESTO_FINANZAS_SOPORTE-INFORMATICO'),(2075,'TI','M',1,9,2014,'0','PRESUPUESTO_FINANZAS_TRANSPORTE'),(2076,'TI','M',1,9,2014,'14336695','PROYECTADO_FINANZAS_COMUNICACIONES'),(2077,'TI','M',1,9,2014,'1754717','PROYECTADO_FINANZAS_COSTO-DE-OFICINA'),(2078,'TI','M',1,9,2014,'3982779','PROYECTADO_FINANZAS_DEPRECIACION-/-AMORTIZACION'),(2079,'TI','M',1,9,2014,'0','PROYECTADO_FINANZAS_GASTO-GENERAL'),(2080,'TI','M',1,9,2014,'47600','PROYECTADO_FINANZAS_GASTOS-DE-VIAJES-POR-NEGOCIO'),(2081,'TI','M',1,9,2014,'0','PROYECTADO_FINANZAS_GASTOS-GENERALES-DIVERSOS'),(2082,'TI','M',1,9,2014,'0','PROYECTADO_FINANZAS_MOVILIDAD'),(2083,'TI','M',1,9,2014,'6927582','PROYECTADO_FINANZAS_REMUNERACIONES'),(2084,'TI','M',1,9,2014,'33414229','PROYECTADO_FINANZAS_SOPORTE-INFORMATICO'),(2085,'TI','M',1,9,2014,'0','PROYECTADO_FINANZAS_TRANSPORTE'),(2086,'TI','M',1,9,2014,'1754717','REAL_FINANZAS_COSTO-DE-OFICINA'),(2087,'TI','M',1,9,2014,'12372','REAL_FINANZAS_GASTO-GENERAL'),(2088,'TI','M',1,9,2014,'47600','REAL_FINANZAS_GASTOS-DE-VIAJES-POR-NEGOCIO'),(2089,'TI','M',1,9,2014,'0','REAL_FINANZAS_GASTOS-GENERALES-DIVERSOS'),(2090,'TI','M',1,9,2014,'0','REAL_FINANZAS_MOVILIDAD'),(2091,'TI','M',1,9,2014,'6927582','REAL_FINANZAS_REMUNERACIONES'),(2092,'TI','M',1,9,2014,'0','REAL_FINANZAS_TRANSPORTE'),(2284,'TI','M',1,1,2014,'4262619','REAL_FINANZAS_COMUNICACIONES'),(2285,'TI','M',1,1,2014,'0','REAL_FINANZAS_DEPRECIACION'),(2286,'TI','M',1,1,2014,'3956504','REAL_FINANZAS_DEPRECIACION-/-AMORTIZACION'),(2287,'TI','M',1,1,2014,'11824763','REAL_FINANZAS_SOPORTE-INFORMATICO'),(2288,'TI','M',1,10,2014,'0','REAL_FINANZAS_COMUNICACIONES'),(2289,'TI','M',1,10,2014,'0','REAL_FINANZAS_DEPRECIACION'),(2290,'TI','M',1,10,2014,'0','REAL_FINANZAS_DEPRECIACION-/-AMORTIZACION'),(2291,'TI','M',1,10,2014,'0','REAL_FINANZAS_SOPORTE-INFORMATICO'),(2292,'TI','M',1,11,2014,'0','REAL_FINANZAS_COMUNICACIONES'),(2293,'TI','M',1,11,2014,'0','REAL_FINANZAS_DEPRECIACION'),(2294,'TI','M',1,11,2014,'0','REAL_FINANZAS_DEPRECIACION-/-AMORTIZACION'),(2295,'TI','M',1,11,2014,'0','REAL_FINANZAS_SOPORTE-INFORMATICO'),(2296,'TI','M',1,12,2014,'0','REAL_FINANZAS_COMUNICACIONES'),(2297,'TI','M',1,12,2014,'0','REAL_FINANZAS_DEPRECIACION'),(2298,'TI','M',1,12,2014,'0','REAL_FINANZAS_DEPRECIACION-/-AMORTIZACION'),(2299,'TI','M',1,12,2014,'0','REAL_FINANZAS_SOPORTE-INFORMATICO'),(2300,'TI','M',1,2,2014,'2814011','REAL_FINANZAS_COMUNICACIONES'),(2301,'TI','M',1,2,2014,'0','REAL_FINANZAS_DEPRECIACION'),(2302,'TI','M',1,2,2014,'3956504','REAL_FINANZAS_DEPRECIACION-/-AMORTIZACION'),(2303,'TI','M',1,2,2014,'12354505','REAL_FINANZAS_SOPORTE-INFORMATICO'),(2304,'TI','M',1,3,2014,'-1957985','REAL_FINANZAS_COMUNICACIONES'),(2305,'TI','M',1,3,2014,'0','REAL_FINANZAS_DEPRECIACION'),(2306,'TI','M',1,3,2014,'3956504','REAL_FINANZAS_DEPRECIACION-/-AMORTIZACION'),(2307,'TI','M',1,3,2014,'19318066','REAL_FINANZAS_SOPORTE-INFORMATICO'),(2308,'TI','M',1,4,2014,'-4347942','REAL_FINANZAS_COMUNICACIONES'),(2309,'TI','M',1,4,2014,'0','REAL_FINANZAS_DEPRECIACION'),(2310,'TI','M',1,4,2014,'3956504','REAL_FINANZAS_DEPRECIACION-/-AMORTIZACION'),(2311,'TI','M',1,4,2014,'5689038','REAL_FINANZAS_SOPORTE-INFORMATICO'),(2312,'TI','M',1,5,2014,'-2552326','REAL_FINANZAS_COMUNICACIONES'),(2313,'TI','M',1,5,2014,'0','REAL_FINANZAS_DEPRECIACION'),(2314,'TI','M',1,5,2014,'3956504','REAL_FINANZAS_DEPRECIACION-/-AMORTIZACION'),(2315,'TI','M',1,5,2014,'8005185','REAL_FINANZAS_SOPORTE-INFORMATICO'),(2316,'TI','M',1,6,2014,'-65061','REAL_FINANZAS_COMUNICACIONES'),(2317,'TI','M',1,6,2014,'0','REAL_FINANZAS_DEPRECIACION'),(2318,'TI','M',1,6,2014,'3956297','REAL_FINANZAS_DEPRECIACION-/-AMORTIZACION'),(2319,'TI','M',1,6,2014,'18158056','REAL_FINANZAS_SOPORTE-INFORMATICO'),(2320,'TI','M',1,7,2014,'10198631','REAL_FINANZAS_COMUNICACIONES'),(2321,'TI','M',1,7,2014,'0','REAL_FINANZAS_DEPRECIACION'),(2322,'TI','M',1,7,2014,'3958034','REAL_FINANZAS_DEPRECIACION-/-AMORTIZACION'),(2323,'TI','M',1,7,2014,'17278814','REAL_FINANZAS_SOPORTE-INFORMATICO'),(2324,'TI','M',1,8,2014,'-5114080','REAL_FINANZAS_COMUNICACIONES'),(2325,'TI','M',1,8,2014,'175150','REAL_FINANZAS_DEPRECIACION'),(2326,'TI','M',1,8,2014,'3980606','REAL_FINANZAS_DEPRECIACION-/-AMORTIZACION'),(2327,'TI','M',1,8,2014,'5267053','REAL_FINANZAS_SOPORTE-INFORMATICO'),(2328,'TI','M',1,9,2014,'14336695','REAL_FINANZAS_COMUNICACIONES'),(2329,'TI','M',1,9,2014,'170105','REAL_FINANZAS_DEPRECIACION'),(2330,'TI','M',1,9,2014,'3982779','REAL_FINANZAS_DEPRECIACION-/-AMORTIZACION'),(2331,'TI','M',1,9,2014,'33414229','REAL_FINANZAS_SOPORTE-INFORMATICO'),(70996,'COMPRAS','M',1,7,2014,'42003342','CONSUMO_SUBGERENCIA_PERMANENTE_LOGISTICA'),(70997,'COMPRAS','M',1,7,2014,'97693294','CONSUMO_SUBGERENCIA_NO_PERMANENTE_LOGISTICA'),(70998,'COMPRAS','M',1,10,2014,'129958181','CONSUMO_SUBGERENCIA_NO_PERMANENTE_LOGISTICA'),(70999,'COMPRAS','M',1,10,2014,'48887628','CONSUMO_SUBGERENCIA_PERMANENTE_LOGISTICA'),(71000,'COMPRAS','M',1,1,2014,'26751773','CONSUMO_SUBGERENCIA_PERMANENTE_SG-OPERACIONES-COMERCIALES'),(71001,'COMPRAS','M',1,1,2014,'766107','CONSUMO_SUBGERENCIA_NO_PERMANENTE_SG-OPERACIONES-COMERCIALES'),(71002,'COMPRAS','M',1,2,2014,'13124247','CONSUMO_SUBGERENCIA_PERMANENTE_SG-OPERACIONES-COMERCIALES'),(71003,'COMPRAS','M',1,2,2014,'579287','CONSUMO_SUBGERENCIA_NO_PERMANENTE_SG-OPERACIONES-COMERCIALES'),(71004,'COMPRAS','M',1,3,2014,'19662192','CONSUMO_SUBGERENCIA_PERMANENTE_SG-OPERACIONES-COMERCIALES'),(71005,'COMPRAS','M',1,3,2014,'708529','CONSUMO_SUBGERENCIA_NO_PERMANENTE_SG-OPERACIONES-COMERCIALES'),(71006,'COMPRAS','M',1,4,2014,'17536172','CONSUMO_SUBGERENCIA_PERMANENTE_SG-OPERACIONES-COMERCIALES'),(71007,'COMPRAS','M',1,4,2014,'7233078','CONSUMO_SUBGERENCIA_NO_PERMANENTE_SG-OPERACIONES-COMERCIALES'),(71008,'COMPRAS','M',1,5,2014,'22819677','CONSUMO_SUBGERENCIA_PERMANENTE_SG-OPERACIONES-COMERCIALES'),(71009,'COMPRAS','M',1,5,2014,'1841529','CONSUMO_SUBGERENCIA_NO_PERMANENTE_SG-OPERACIONES-COMERCIALES'),(71010,'COMPRAS','M',1,6,2014,'28670874','CONSUMO_SUBGERENCIA_PERMANENTE_SG-OPERACIONES-COMERCIALES'),(71011,'COMPRAS','M',1,6,2014,'2864591','CONSUMO_SUBGERENCIA_NO_PERMANENTE_SG-OPERACIONES-COMERCIALES'),(71012,'COMPRAS','M',1,7,2013,'22743633','CONSUMO_SUBGERENCIA_PERMANENTE_SG-OPERACIONES-COMERCIALES'),(71013,'COMPRAS','M',1,7,2013,'15891150','CONSUMO_SUBGERENCIA_NO_PERMANENTE_SG-OPERACIONES-COMERCIALES'),(71014,'COMPRAS','M',1,7,2014,'31857379','CONSUMO_SUBGERENCIA_PERMANENTE_SG-OPERACIONES-COMERCIALES'),(71015,'COMPRAS','M',1,7,2014,'7671699','CONSUMO_SUBGERENCIA_NO_PERMANENTE_SG-OPERACIONES-COMERCIALES'),(71016,'COMPRAS','M',1,8,2013,'27017813','CONSUMO_SUBGERENCIA_PERMANENTE_SG-OPERACIONES-COMERCIALES'),(71017,'COMPRAS','M',1,8,2013,'9474774','CONSUMO_SUBGERENCIA_NO_PERMANENTE_SG-OPERACIONES-COMERCIALES'),(71018,'COMPRAS','M',1,8,2014,'26752251','CONSUMO_SUBGERENCIA_PERMANENTE_SG-OPERACIONES-COMERCIALES'),(71019,'COMPRAS','M',1,8,2014,'4193753','CONSUMO_SUBGERENCIA_NO_PERMANENTE_SG-OPERACIONES-COMERCIALES'),(71020,'COMPRAS','M',1,9,2013,'8004777','CONSUMO_SUBGERENCIA_NO_PERMANENTE_SG-OPERACIONES-COMERCIALES'),(71021,'COMPRAS','M',1,9,2013,'20749542','CONSUMO_SUBGERENCIA_PERMANENTE_SG-OPERACIONES-COMERCIALES'),(71022,'COMPRAS','M',1,9,2014,'26241190','CONSUMO_SUBGERENCIA_PERMANENTE_SG-OPERACIONES-COMERCIALES'),(71023,'COMPRAS','M',1,9,2014,'12262533','CONSUMO_SUBGERENCIA_NO_PERMANENTE_SG-OPERACIONES-COMERCIALES'),(71024,'COMPRAS','M',1,10,2013,'26353455','CONSUMO_SUBGERENCIA_PERMANENTE_SG-OPERACIONES-COMERCIALES'),(71025,'COMPRAS','M',1,10,2013,'17142038','CONSUMO_SUBGERENCIA_NO_PERMANENTE_SG-OPERACIONES-COMERCIALES'),(71026,'COMPRAS','M',1,10,2014,'25666909','CONSUMO_SUBGERENCIA_PERMANENTE_SG-OPERACIONES-COMERCIALES'),(71027,'COMPRAS','M',1,10,2014,'2288183','CONSUMO_SUBGERENCIA_NO_PERMANENTE_SG-OPERACIONES-COMERCIALES'),(71028,'COMPRAS','M',1,11,2013,'23565822','CONSUMO_SUBGERENCIA_PERMANENTE_SG-OPERACIONES-COMERCIALES'),(71029,'COMPRAS','M',1,11,2013,'28005949','CONSUMO_SUBGERENCIA_NO_PERMANENTE_SG-OPERACIONES-COMERCIALES'),(71030,'COMPRAS','M',1,11,2014,'3684398','CONSUMO_SUBGERENCIA_PERMANENTE_SG-OPERACIONES-COMERCIALES'),(71031,'COMPRAS','M',1,11,2014,'119738','CONSUMO_SUBGERENCIA_NO_PERMANENTE_SG-OPERACIONES-COMERCIALES'),(71032,'COMPRAS','M',1,12,2013,'15613656','CONSUMO_SUBGERENCIA_PERMANENTE_SG-OPERACIONES-COMERCIALES'),(71033,'COMPRAS','M',1,12,2013,'1564418','CONSUMO_SUBGERENCIA_NO_PERMANENTE_SG-OPERACIONES-COMERCIALES'),(71034,'COMPRAS','M',1,1,2014,'206203296','CONSUMO_SUBGERENCIA_PERMANENTE_CONEXIONES'),(71035,'COMPRAS','M',1,1,2014,'9221270','CONSUMO_SUBGERENCIA_NO_PERMANENTE_CONEXIONES'),(71036,'COMPRAS','M',1,2,2014,'3334831','CONSUMO_SUBGERENCIA_NO_PERMANENTE_CONEXIONES'),(71037,'COMPRAS','M',1,2,2014,'147974852','CONSUMO_SUBGERENCIA_PERMANENTE_CONEXIONES'),(71038,'COMPRAS','M',1,3,2014,'208712039','CONSUMO_SUBGERENCIA_PERMANENTE_CONEXIONES'),(71039,'COMPRAS','M',1,3,2014,'7158669','CONSUMO_SUBGERENCIA_NO_PERMANENTE_CONEXIONES'),(71040,'COMPRAS','M',1,4,2014,'13855938','CONSUMO_SUBGERENCIA_NO_PERMANENTE_CONEXIONES'),(71041,'COMPRAS','M',1,4,2014,'227260395','CONSUMO_SUBGERENCIA_PERMANENTE_CONEXIONES'),(71042,'COMPRAS','M',1,5,2014,'147705682','CONSUMO_SUBGERENCIA_PERMANENTE_CONEXIONES'),(71043,'COMPRAS','M',1,5,2014,'7205467','CONSUMO_SUBGERENCIA_NO_PERMANENTE_CONEXIONES'),(71044,'COMPRAS','M',1,6,2014,'185712024','CONSUMO_SUBGERENCIA_PERMANENTE_CONEXIONES'),(71045,'COMPRAS','M',1,6,2014,'4250798','CONSUMO_SUBGERENCIA_NO_PERMANENTE_CONEXIONES'),(71046,'COMPRAS','M',1,7,2013,'136788389','CONSUMO_SUBGERENCIA_PERMANENTE_CONEXIONES'),(71047,'COMPRAS','M',1,7,2013,'6164864','CONSUMO_SUBGERENCIA_NO_PERMANENTE_CONEXIONES'),(71048,'COMPRAS','M',1,7,2014,'146618073','CONSUMO_SUBGERENCIA_PERMANENTE_CONEXIONES'),(71049,'COMPRAS','M',1,7,2014,'5730928','CONSUMO_SUBGERENCIA_NO_PERMANENTE_CONEXIONES'),(71050,'COMPRAS','M',1,8,2013,'170962566','CONSUMO_SUBGERENCIA_PERMANENTE_CONEXIONES'),(71051,'COMPRAS','M',1,8,2013,'4865086','CONSUMO_SUBGERENCIA_NO_PERMANENTE_CONEXIONES'),(71052,'COMPRAS','M',1,8,2014,'173254272','CONSUMO_SUBGERENCIA_PERMANENTE_CONEXIONES'),(71053,'COMPRAS','M',1,8,2014,'8895389','CONSUMO_SUBGERENCIA_NO_PERMANENTE_CONEXIONES'),(71054,'COMPRAS','M',1,9,2013,'166691460','CONSUMO_SUBGERENCIA_PERMANENTE_CONEXIONES'),(71055,'COMPRAS','M',1,9,2013,'6436647','CONSUMO_SUBGERENCIA_NO_PERMANENTE_CONEXIONES'),(71056,'COMPRAS','M',1,9,2014,'151875316','CONSUMO_SUBGERENCIA_PERMANENTE_CONEXIONES'),(71057,'COMPRAS','M',1,9,2014,'10959402','CONSUMO_SUBGERENCIA_NO_PERMANENTE_CONEXIONES'),(71058,'COMPRAS','M',1,10,2013,'172177434','CONSUMO_SUBGERENCIA_PERMANENTE_CONEXIONES'),(71059,'COMPRAS','M',1,10,2013,'3557460','CONSUMO_SUBGERENCIA_NO_PERMANENTE_CONEXIONES'),(71060,'COMPRAS','M',1,10,2014,'5926079','CONSUMO_SUBGERENCIA_NO_PERMANENTE_CONEXIONES'),(71061,'COMPRAS','M',1,10,2014,'126120111','CONSUMO_SUBGERENCIA_PERMANENTE_CONEXIONES'),(71062,'COMPRAS','M',1,11,2013,'2741513','CONSUMO_SUBGERENCIA_NO_PERMANENTE_CONEXIONES'),(71063,'COMPRAS','M',1,11,2013,'165347658','CONSUMO_SUBGERENCIA_PERMANENTE_CONEXIONES'),(71064,'COMPRAS','M',1,11,2014,'30819971','CONSUMO_SUBGERENCIA_PERMANENTE_CONEXIONES'),(71065,'COMPRAS','M',1,11,2014,'1216923','CONSUMO_SUBGERENCIA_NO_PERMANENTE_CONEXIONES'),(71066,'COMPRAS','M',1,12,2013,'155231202','CONSUMO_SUBGERENCIA_PERMANENTE_CONEXIONES'),(71067,'COMPRAS','M',1,12,2013,'1441332','CONSUMO_SUBGERENCIA_NO_PERMANENTE_CONEXIONES'),(71068,'COMPRAS','M',1,3,2014,'97777422','CONSUMO_SUBGERENCIA_NO_PERMANENTE_LOGISTICA'),(71069,'COMPRAS','M',1,3,2014,'36676582','CONSUMO_SUBGERENCIA_PERMANENTE_LOGISTICA'),(71070,'COMPRAS','M',1,4,2014,'104362385','CONSUMO_SUBGERENCIA_PERMANENTE_LOGISTICA'),(71071,'COMPRAS','M',1,6,2014,'25546275','CONSUMO_SUBGERENCIA_PERMANENTE_LOGISTICA'),(71072,'COMPRAS','M',1,8,2014,'118630711','CONSUMO_SUBGERENCIA_NO_PERMANENTE_LOGISTICA'),(71073,'COMPRAS','M',1,8,2014,'46403915','CONSUMO_SUBGERENCIA_PERMANENTE_LOGISTICA'),(71074,'COMPRAS','M',1,9,2014,'63498988','CONSUMO_SUBGERENCIA_PERMANENTE_LOGISTICA'),(71075,'COMPRAS','M',1,9,2013,'144526222','CONSUMO_SUBGERENCIA_NO_PERMANENTE_LOGISTICA'),(71076,'COMPRAS','M',1,5,2014,'26333366','CONSUMO_SUBGERENCIA_PERMANENTE_PREVENCION-DE-RIESGOS'),(71077,'COMPRAS','M',1,5,2014,'11277705','CONSUMO_SUBGERENCIA_NO_PERMANENTE_PREVENCION-DE-RIESGOS'),(71078,'COMPRAS','M',1,6,2014,'24206283','CONSUMO_SUBGERENCIA_PERMANENTE_PREVENCION-DE-RIESGOS'),(71079,'COMPRAS','M',1,6,2014,'18517181','CONSUMO_SUBGERENCIA_NO_PERMANENTE_PREVENCION-DE-RIESGOS'),(71080,'COMPRAS','M',1,7,2014,'33284645','CONSUMO_SUBGERENCIA_PERMANENTE_PREVENCION-DE-RIESGOS'),(71081,'COMPRAS','M',1,7,2014,'11528470','CONSUMO_SUBGERENCIA_NO_PERMANENTE_PREVENCION-DE-RIESGOS'),(71082,'COMPRAS','M',1,8,2014,'79612280','CONSUMO_SUBGERENCIA_NO_PERMANENTE_PREVENCION-DE-RIESGOS'),(71083,'COMPRAS','M',1,8,2014,'23678581','CONSUMO_SUBGERENCIA_PERMANENTE_PREVENCION-DE-RIESGOS'),(71084,'COMPRAS','M',1,9,2014,'29182487','CONSUMO_SUBGERENCIA_PERMANENTE_PREVENCION-DE-RIESGOS'),(71085,'COMPRAS','M',1,9,2014,'30949896','CONSUMO_SUBGERENCIA_NO_PERMANENTE_PREVENCION-DE-RIESGOS'),(71086,'COMPRAS','M',1,10,2014,'18669786','CONSUMO_SUBGERENCIA_NO_PERMANENTE_PREVENCION-DE-RIESGOS'),(71087,'COMPRAS','M',1,10,2014,'18676051','CONSUMO_SUBGERENCIA_PERMANENTE_PREVENCION-DE-RIESGOS'),(71088,'COMPRAS','M',1,11,2014,'856854','CONSUMO_SUBGERENCIA_NO_PERMANENTE_PREVENCION-DE-RIESGOS'),(71089,'COMPRAS','M',1,11,2014,'7185138','CONSUMO_SUBGERENCIA_PERMANENTE_PREVENCION-DE-RIESGOS'),(71090,'COMPRAS','M',1,1,2014,'557276','CONSUMO_SUBGERENCIA_PERMANENTE_COMPRAS'),(71091,'COMPRAS','M',1,1,2014,'2354584','CONSUMO_SUBGERENCIA_NO_PERMANENTE_COMPRAS'),(71092,'COMPRAS','M',1,2,2014,'1723654','CONSUMO_SUBGERENCIA_PERMANENTE_COMPRAS'),(71093,'COMPRAS','M',1,2,2014,'1968808','CONSUMO_SUBGERENCIA_NO_PERMANENTE_COMPRAS'),(71094,'COMPRAS','M',1,3,2014,'10907599','CONSUMO_SUBGERENCIA_PERMANENTE_COMPRAS'),(71095,'COMPRAS','M',1,3,2014,'26329574','CONSUMO_SUBGERENCIA_NO_PERMANENTE_COMPRAS'),(71096,'COMPRAS','M',1,4,2014,'2021897','CONSUMO_SUBGERENCIA_PERMANENTE_COMPRAS'),(71097,'COMPRAS','M',1,4,2014,'10094134','CONSUMO_SUBGERENCIA_NO_PERMANENTE_COMPRAS'),(71098,'COMPRAS','M',1,5,2014,'223638','CONSUMO_SUBGERENCIA_NO_PERMANENTE_COMPRAS'),(71099,'COMPRAS','M',1,5,2014,'447343','CONSUMO_SUBGERENCIA_PERMANENTE_COMPRAS'),(71100,'COMPRAS','M',1,6,2014,'368880','CONSUMO_SUBGERENCIA_PERMANENTE_COMPRAS'),(71101,'COMPRAS','M',1,6,2014,'3195516','CONSUMO_SUBGERENCIA_NO_PERMANENTE_COMPRAS'),(71102,'COMPRAS','M',1,7,2013,'11664948','CONSUMO_SUBGERENCIA_NO_PERMANENTE_COMPRAS'),(71103,'COMPRAS','M',1,7,2013,'15570928','CONSUMO_SUBGERENCIA_PERMANENTE_COMPRAS'),(71104,'COMPRAS','M',1,7,2014,'20834378','CONSUMO_SUBGERENCIA_PERMANENTE_COMPRAS'),(71105,'COMPRAS','M',1,8,2013,'4869282','CONSUMO_SUBGERENCIA_NO_PERMANENTE_COMPRAS'),(71106,'COMPRAS','M',1,8,2014,'5951649','CONSUMO_SUBGERENCIA_NO_PERMANENTE_COMPRAS'),(71107,'COMPRAS','M',1,8,2014,'4880354','CONSUMO_SUBGERENCIA_PERMANENTE_COMPRAS'),(71108,'COMPRAS','M',1,9,2013,'2149405','CONSUMO_SUBGERENCIA_PERMANENTE_COMPRAS'),(71109,'COMPRAS','M',1,9,2013,'207468','CONSUMO_SUBGERENCIA_NO_PERMANENTE_COMPRAS'),(71110,'COMPRAS','M',1,9,2014,'14772829','CONSUMO_SUBGERENCIA_PERMANENTE_COMPRAS'),(71111,'COMPRAS','M',1,9,2014,'6992542','CONSUMO_SUBGERENCIA_NO_PERMANENTE_COMPRAS'),(71112,'COMPRAS','M',1,10,2013,'770818','CONSUMO_SUBGERENCIA_PERMANENTE_COMPRAS'),(71113,'COMPRAS','M',1,10,2013,'4166404','CONSUMO_SUBGERENCIA_NO_PERMANENTE_COMPRAS'),(71114,'COMPRAS','M',1,10,2014,'6161908','CONSUMO_SUBGERENCIA_PERMANENTE_COMPRAS'),(71115,'COMPRAS','M',1,11,2013,'13095205','CONSUMO_SUBGERENCIA_PERMANENTE_COMPRAS'),(71116,'COMPRAS','M',1,11,2013,'5478096','CONSUMO_SUBGERENCIA_NO_PERMANENTE_COMPRAS'),(71117,'COMPRAS','M',1,11,2014,'5355309','CONSUMO_SUBGERENCIA_PERMANENTE_COMPRAS'),(71118,'COMPRAS','M',1,12,2013,'3639280','CONSUMO_SUBGERENCIA_PERMANENTE_COMPRAS'),(71119,'COMPRAS','M',1,12,2013,'4026660','CONSUMO_SUBGERENCIA_NO_PERMANENTE_COMPRAS'),(71120,'COMPRAS','M',1,1,2014,'104796787','CONSUMO_SUBGERENCIA_NO_PERMANENTE_LOGISTICA'),(71121,'COMPRAS','M',1,1,2014,'26373029','CONSUMO_SUBGERENCIA_PERMANENTE_LOGISTICA'),(71122,'COMPRAS','M',1,5,2014,'26967208','CONSUMO_SUBGERENCIA_PERMANENTE_LOGISTICA'),(71123,'COMPRAS','M',1,8,2013,'155418720','CONSUMO_SUBGERENCIA_NO_PERMANENTE_LOGISTICA'),(71124,'COMPRAS','M',1,8,2013,'61849090','CONSUMO_SUBGERENCIA_PERMANENTE_LOGISTICA'),(71125,'COMPRAS','M',1,7,2014,'1479787','CONSUMO_SUBGERENCIA_NO_PERMANENTE_COMPRAS'),(71126,'COMPRAS','M',1,10,2014,'2871894','CONSUMO_SUBGERENCIA_NO_PERMANENTE_COMPRAS'),(71127,'COMPRAS','M',1,7,2013,'56355812','CONSUMO_SUBGERENCIA_PERMANENTE_LOGISTICA'),(71128,'COMPRAS','M',1,9,2013,'50098232','CONSUMO_SUBGERENCIA_PERMANENTE_LOGISTICA'),(71129,'COMPRAS','M',1,10,2013,'73056677','CONSUMO_SUBGERENCIA_PERMANENTE_LOGISTICA'),(71130,'COMPRAS','M',1,1,2014,'39880970','CONSUMO_SUBGERENCIA_NO_PERMANENTE_SG-DE-DISTRIBUCION'),(71131,'COMPRAS','M',1,3,2014,'67665531','CONSUMO_SUBGERENCIA_NO_PERMANENTE_SG-DE-DISTRIBUCION'),(71132,'COMPRAS','M',1,8,2014,'192126234','CONSUMO_SUBGERENCIA_PERMANENTE_SG-DE-DISTRIBUCION'),(71133,'COMPRAS','M',1,8,2014,'71261649','CONSUMO_SUBGERENCIA_NO_PERMANENTE_SG-DE-DISTRIBUCION'),(71134,'COMPRAS','M',1,1,2014,'43229313','CONSUMO_SUBGERENCIA_NO_PERMANENTE_SG-TELEMEDIDA'),(71135,'COMPRAS','M',1,2,2014,'45268713','CONSUMO_SUBGERENCIA_NO_PERMANENTE_SG-TELEMEDIDA'),(71136,'COMPRAS','M',1,5,2014,'163232522','CONSUMO_SUBGERENCIA_NO_PERMANENTE_SG-TELEMEDIDA'),(71137,'COMPRAS','M',1,7,2013,'63025433','CONSUMO_SUBGERENCIA_NO_PERMANENTE_SG-TELEMEDIDA'),(71138,'COMPRAS','M',1,8,2014,'118221286','CONSUMO_SUBGERENCIA_NO_PERMANENTE_SG-TELEMEDIDA'),(71139,'COMPRAS','M',1,9,2013,'67373088','CONSUMO_SUBGERENCIA_NO_PERMANENTE_SG-TELEMEDIDA'),(71140,'COMPRAS','M',1,9,2014,'242995594','CONSUMO_SUBGERENCIA_NO_PERMANENTE_SG-TELEMEDIDA'),(71141,'COMPRAS','M',1,10,2013,'198178783','CONSUMO_SUBGERENCIA_NO_PERMANENTE_SG-TELEMEDIDA'),(71142,'COMPRAS','M',1,10,2014,'224788222','CONSUMO_SUBGERENCIA_NO_PERMANENTE_SG-TELEMEDIDA'),(71143,'COMPRAS','M',1,11,2013,'986857891','CONSUMO_SUBGERENCIA_NO_PERMANENTE_SG-TELEMEDIDA'),(71144,'COMPRAS','M',1,7,2013,'287952','CONSUMO_SUBGERENCIA_PERMANENTE_SG-PRODUCTOS-ELECTRICOS'),(71145,'COMPRAS','M',1,8,2013,'381','CONSUMO_SUBGERENCIA_PERMANENTE_SG-PRODUCTOS-ELECTRICOS'),(71146,'COMPRAS','M',1,2,2014,'99938970','CONSUMO_SUBGERENCIA_NO_PERMANENTE_LOGISTICA'),(71147,'COMPRAS','M',1,2,2014,'30344953','CONSUMO_SUBGERENCIA_PERMANENTE_LOGISTICA'),(71148,'COMPRAS','M',1,4,2014,'199465295','CONSUMO_SUBGERENCIA_NO_PERMANENTE_LOGISTICA'),(71149,'COMPRAS','M',1,7,2013,'148243014','CONSUMO_SUBGERENCIA_NO_PERMANENTE_LOGISTICA'),(71150,'COMPRAS','M',1,10,2013,'177457749','CONSUMO_SUBGERENCIA_NO_PERMANENTE_LOGISTICA'),(71151,'COMPRAS','M',1,11,2013,'152537895','CONSUMO_SUBGERENCIA_NO_PERMANENTE_LOGISTICA'),(71152,'COMPRAS','M',1,11,2013,'80840227','CONSUMO_SUBGERENCIA_PERMANENTE_LOGISTICA'),(71153,'COMPRAS','M',1,12,2013,'146233716','CONSUMO_SUBGERENCIA_NO_PERMANENTE_LOGISTICA'),(71154,'COMPRAS','M',1,12,2013,'88123341','CONSUMO_SUBGERENCIA_PERMANENTE_LOGISTICA'),(71155,'COMPRAS','M',1,5,2014,'101696618','CONSUMO_SUBGERENCIA_NO_PERMANENTE_DIPREL'),(71156,'COMPRAS','M',1,5,2014,'23253711','CONSUMO_SUBGERENCIA_PERMANENTE_DIPREL'),(71157,'COMPRAS','M',1,6,2014,'77593109','CONSUMO_SUBGERENCIA_PERMANENTE_DIPREL'),(71158,'COMPRAS','M',1,6,2014,'43780911','CONSUMO_SUBGERENCIA_NO_PERMANENTE_DIPREL'),(71159,'COMPRAS','M',1,7,2014,'1083057','CONSUMO_SUBGERENCIA_PERMANENTE_DIPREL'),(71160,'COMPRAS','M',1,7,2014,'423900','CONSUMO_SUBGERENCIA_NO_PERMANENTE_DIPREL'),(71161,'COMPRAS','M',1,8,2014,'7997920','CONSUMO_SUBGERENCIA_PERMANENTE_DIPREL'),(71162,'COMPRAS','M',1,8,2014,'31236720','CONSUMO_SUBGERENCIA_NO_PERMANENTE_DIPREL'),(71163,'COMPRAS','M',1,9,2014,'-0','CONSUMO_SUBGERENCIA_NO_PERMANENTE_DIPREL'),(71164,'COMPRAS','M',1,10,2014,'267876','CONSUMO_SUBGERENCIA_PERMANENTE_DIPREL'),(71165,'COMPRAS','M',1,3,2014,'99459451','CONSUMO_SUBGERENCIA_PERMANENTE_SG-TELEMEDIDA'),(71166,'COMPRAS','M',1,3,2014,'55519440','CONSUMO_SUBGERENCIA_NO_PERMANENTE_SG-TELEMEDIDA'),(71167,'COMPRAS','M',1,4,2014,'38825429','CONSUMO_SUBGERENCIA_NO_PERMANENTE_SG-TELEMEDIDA'),(71168,'COMPRAS','M',1,4,2014,'81791417','CONSUMO_SUBGERENCIA_PERMANENTE_SG-TELEMEDIDA'),(71169,'COMPRAS','M',1,5,2014,'83697193','CONSUMO_SUBGERENCIA_PERMANENTE_SG-TELEMEDIDA'),(71170,'COMPRAS','M',1,6,2014,'101813710','CONSUMO_SUBGERENCIA_NO_PERMANENTE_SG-TELEMEDIDA'),(71171,'COMPRAS','M',1,6,2014,'67647192','CONSUMO_SUBGERENCIA_PERMANENTE_SG-TELEMEDIDA'),(71172,'COMPRAS','M',1,7,2014,'128035547','CONSUMO_SUBGERENCIA_NO_PERMANENTE_SG-TELEMEDIDA'),(71173,'COMPRAS','M',1,7,2014,'51906129','CONSUMO_SUBGERENCIA_PERMANENTE_SG-TELEMEDIDA'),(71174,'COMPRAS','M',1,8,2014,'50381241','CONSUMO_SUBGERENCIA_PERMANENTE_SG-TELEMEDIDA'),(71175,'COMPRAS','M',1,9,2014,'95033697','CONSUMO_SUBGERENCIA_PERMANENTE_SG-TELEMEDIDA'),(71176,'COMPRAS','M',1,10,2014,'72480022','CONSUMO_SUBGERENCIA_PERMANENTE_SG-TELEMEDIDA'),(71177,'COMPRAS','M',1,11,2014,'13323752','CONSUMO_SUBGERENCIA_PERMANENTE_SG-TELEMEDIDA'),(71178,'COMPRAS','M',1,11,2014,'15568564','CONSUMO_SUBGERENCIA_NO_PERMANENTE_SG-TELEMEDIDA'),(71179,'COMPRAS','M',1,11,2014,'3534634','CONSUMO_SUBGERENCIA_PERMANENTE_LOGISTICA'),(71180,'COMPRAS','M',1,12,2013,'196798214','CONSUMO_SUBGERENCIA_NO_PERMANENTE_SG-TELEMEDIDA'),(71181,'COMPRAS','M',1,10,2014,'259377174','CONSUMO_SUBGERENCIA_PERMANENTE_SG-DE-DISTRIBUCION'),(71182,'COMPRAS','M',1,10,2014,'101173596','CONSUMO_SUBGERENCIA_NO_PERMANENTE_SG-DE-DISTRIBUCION'),(71183,'COMPRAS','M',1,11,2014,'32999378','CONSUMO_SUBGERENCIA_PERMANENTE_SG-DE-DISTRIBUCION'),(71184,'COMPRAS','M',1,11,2014,'21408418','CONSUMO_SUBGERENCIA_NO_PERMANENTE_SG-DE-DISTRIBUCION'),(71185,'COMPRAS','M',1,7,2013,'187236523','CONSUMO_SUBGERENCIA_PERMANENTE_SG-DE-DISTRIBUCION'),(71186,'COMPRAS','M',1,7,2013,'66931586','CONSUMO_SUBGERENCIA_NO_PERMANENTE_SG-DE-DISTRIBUCION'),(71187,'COMPRAS','M',1,2,2014,'154821834','CONSUMO_SUBGERENCIA_PERMANENTE_SG-DE-DISTRIBUCION'),(71188,'COMPRAS','M',1,3,2014,'211343920','CONSUMO_SUBGERENCIA_PERMANENTE_SG-DE-DISTRIBUCION'),(71189,'COMPRAS','M',1,4,2014,'164451528','CONSUMO_SUBGERENCIA_PERMANENTE_SG-DE-DISTRIBUCION'),(71190,'COMPRAS','M',1,6,2014,'115004363','CONSUMO_SUBGERENCIA_PERMANENTE_SG-DE-DISTRIBUCION'),(71191,'COMPRAS','M',1,8,2013,'38573991','CONSUMO_SUBGERENCIA_NO_PERMANENTE_SG-DE-DISTRIBUCION'),(71192,'COMPRAS','M',1,8,2013,'221597922','CONSUMO_SUBGERENCIA_PERMANENTE_SG-DE-DISTRIBUCION'),(71193,'COMPRAS','M',1,9,2013,'196209676','CONSUMO_SUBGERENCIA_PERMANENTE_SG-DE-DISTRIBUCION'),(71194,'COMPRAS','M',1,9,2013,'58661580','CONSUMO_SUBGERENCIA_NO_PERMANENTE_SG-DE-DISTRIBUCION'),(71195,'COMPRAS','M',1,10,2013,'59666986','CONSUMO_SUBGERENCIA_NO_PERMANENTE_SG-DE-DISTRIBUCION'),(71196,'COMPRAS','M',1,10,2013,'269855397','CONSUMO_SUBGERENCIA_PERMANENTE_SG-DE-DISTRIBUCION'),(71197,'COMPRAS','M',1,11,2013,'62691426','CONSUMO_SUBGERENCIA_NO_PERMANENTE_SG-DE-DISTRIBUCION'),(71198,'COMPRAS','M',1,11,2013,'197804695','CONSUMO_SUBGERENCIA_PERMANENTE_SG-DE-DISTRIBUCION'),(71199,'COMPRAS','M',1,12,2013,'155599946','CONSUMO_SUBGERENCIA_PERMANENTE_SG-DE-DISTRIBUCION'),(71200,'COMPRAS','M',1,1,2014,'227214398','CONSUMO_SUBGERENCIA_PERMANENTE_SG-DE-DISTRIBUCION'),(71201,'COMPRAS','M',1,12,2013,'29205915','CONSUMO_SUBGERENCIA_NO_PERMANENTE_SG-DE-DISTRIBUCION'),(71202,'COMPRAS','M',1,2,2014,'27084091','CONSUMO_SUBGERENCIA_NO_PERMANENTE_SG-DE-DISTRIBUCION'),(71203,'COMPRAS','M',1,4,2014,'31543304','CONSUMO_SUBGERENCIA_NO_PERMANENTE_SG-DE-DISTRIBUCION'),(71204,'COMPRAS','M',1,5,2014,'65104342','CONSUMO_SUBGERENCIA_NO_PERMANENTE_SG-DE-DISTRIBUCION'),(71205,'COMPRAS','M',1,7,2014,'45194679','CONSUMO_SUBGERENCIA_NO_PERMANENTE_SG-DE-DISTRIBUCION'),(71206,'COMPRAS','M',1,9,2014,'97368884','CONSUMO_SUBGERENCIA_NO_PERMANENTE_SG-DE-DISTRIBUCION'),(71207,'COMPRAS','M',1,9,2014,'223650746','CONSUMO_SUBGERENCIA_NO_PERMANENTE_LOGISTICA'),(71208,'COMPRAS','M',1,11,2014,'42530542','CONSUMO_SUBGERENCIA_NO_PERMANENTE_LOGISTICA'),(71209,'COMPRAS','M',1,5,2014,'93937420','CONSUMO_SUBGERENCIA_NO_PERMANENTE_LOGISTICA'),(71210,'COMPRAS','M',1,6,2014,'114738327','CONSUMO_SUBGERENCIA_NO_PERMANENTE_LOGISTICA'),(71211,'COMPRAS','M',1,7,2013,'19176590','CONSUMO_SUBGERENCIA_NO_PERMANENTE_EX---PRODUCTOS-ELECTRICOS'),(71212,'COMPRAS','M',1,4,2014,'21686699','CONSUMO_SUBGERENCIA_NO_PERMANENTE_PREVENCION-DE-RIESGOS'),(71213,'COMPRAS','M',1,4,2014,'22905931','CONSUMO_SUBGERENCIA_PERMANENTE_PREVENCION-DE-RIESGOS'),(71214,'COMPRAS','M',1,3,2014,'7578294','CONSUMO_SUBGERENCIA_NO_PERMANENTE_PREVENCION-DE-RIESGOS'),(71215,'COMPRAS','M',1,3,2014,'12943386','CONSUMO_SUBGERENCIA_PERMANENTE_PREVENCION-DE-RIESGOS'),(71216,'COMPRAS','M',1,3,2014,'41461196','CONSUMO_SUBGERENCIA_NO_PERMANENTE_SG-OPERACIONES-TECNICAS'),(71217,'COMPRAS','M',1,3,2014,'8157677','CONSUMO_SUBGERENCIA_PERMANENTE_SG-OPERACIONES-TECNICAS'),(71218,'COMPRAS','M',1,4,2014,'44759327','CONSUMO_SUBGERENCIA_NO_PERMANENTE_SG-OPERACIONES-TECNICAS'),(71219,'COMPRAS','M',1,4,2014,'10374751','CONSUMO_SUBGERENCIA_PERMANENTE_SG-OPERACIONES-TECNICAS'),(71220,'COMPRAS','M',1,5,2014,'37763980','CONSUMO_SUBGERENCIA_NO_PERMANENTE_SG-OPERACIONES-TECNICAS'),(71221,'COMPRAS','M',1,5,2014,'8571482','CONSUMO_SUBGERENCIA_PERMANENTE_SG-OPERACIONES-TECNICAS'),(71222,'COMPRAS','M',1,6,2014,'66914925','CONSUMO_SUBGERENCIA_NO_PERMANENTE_SG-OPERACIONES-TECNICAS'),(71223,'COMPRAS','M',1,6,2014,'7421641','CONSUMO_SUBGERENCIA_PERMANENTE_SG-OPERACIONES-TECNICAS'),(71224,'COMPRAS','M',1,7,2014,'51577758','CONSUMO_SUBGERENCIA_NO_PERMANENTE_SG-OPERACIONES-TECNICAS'),(71225,'COMPRAS','M',1,7,2014,'1287825','CONSUMO_SUBGERENCIA_PERMANENTE_SG-OPERACIONES-TECNICAS'),(71226,'COMPRAS','M',1,8,2014,'15432796','CONSUMO_SUBGERENCIA_NO_PERMANENTE_SG-OPERACIONES-TECNICAS'),(71227,'COMPRAS','M',1,8,2014,'1724957','CONSUMO_SUBGERENCIA_PERMANENTE_SG-OPERACIONES-TECNICAS'),(71228,'COMPRAS','M',1,9,2014,'48996244','CONSUMO_SUBGERENCIA_NO_PERMANENTE_SG-OPERACIONES-TECNICAS'),(71229,'COMPRAS','M',1,9,2014,'669200','CONSUMO_SUBGERENCIA_PERMANENTE_SG-OPERACIONES-TECNICAS'),(71230,'COMPRAS','M',1,10,2014,'31858713','CONSUMO_SUBGERENCIA_NO_PERMANENTE_SG-OPERACIONES-TECNICAS'),(71231,'COMPRAS','M',1,10,2014,'2362636','CONSUMO_SUBGERENCIA_PERMANENTE_SG-OPERACIONES-TECNICAS'),(71232,'COMPRAS','M',1,11,2014,'2738984','CONSUMO_SUBGERENCIA_NO_PERMANENTE_SG-OPERACIONES-TECNICAS'),(71233,'COMPRAS','M',1,1,2014,'1180','CONSUMO_SUBGERENCIA_NO_PERMANENTE_PREVENCION-DE-RIESGOS'),(71234,'COMPRAS','M',1,5,2014,'147923906','CONSUMO_SUBGERENCIA_PERMANENTE_SG-DE-DISTRIBUCION'),(71235,'COMPRAS','M',1,6,2014,'30626408','CONSUMO_SUBGERENCIA_NO_PERMANENTE_SG-DE-DISTRIBUCION'),(71236,'COMPRAS','M',1,7,2014,'132429295','CONSUMO_SUBGERENCIA_PERMANENTE_SG-DE-DISTRIBUCION'),(71237,'COMPRAS','M',1,9,2014,'175661227','CONSUMO_SUBGERENCIA_PERMANENTE_SG-DE-DISTRIBUCION'),(71238,'COMPRAS','M',1,1,2014,'60220','CONSUMO_SUBGERENCIA_PERMANENTE_PREVENCION-DE-RIESGOS'),(71239,'COMPRAS','M',1,2,2014,'1984032','CONSUMO_SUBGERENCIA_NO_PERMANENTE_PREVENCION-DE-RIESGOS'),(71240,'COMPRAS','M',1,2,2014,'1262176','CONSUMO_SUBGERENCIA_PERMANENTE_PREVENCION-DE-RIESGOS'),(71241,'COMPRAS','M',1,1,2014,'73056571','CONSUMO_SUBGERENCIA_PERMANENTE_SG-TELEMEDIDA'),(71242,'COMPRAS','M',1,2,2014,'70004312','CONSUMO_SUBGERENCIA_PERMANENTE_SG-TELEMEDIDA'),(71243,'COMPRAS','M',1,7,2013,'66531711','CONSUMO_SUBGERENCIA_PERMANENTE_SG-TELEMEDIDA'),(71244,'COMPRAS','M',1,8,2013,'84498749','CONSUMO_SUBGERENCIA_PERMANENTE_SG-TELEMEDIDA'),(71245,'COMPRAS','M',1,9,2013,'66532582','CONSUMO_SUBGERENCIA_PERMANENTE_SG-TELEMEDIDA'),(71246,'COMPRAS','M',1,10,2013,'94776424','CONSUMO_SUBGERENCIA_PERMANENTE_SG-TELEMEDIDA'),(71247,'COMPRAS','M',1,11,2013,'62300399','CONSUMO_SUBGERENCIA_PERMANENTE_SG-TELEMEDIDA'),(71248,'COMPRAS','M',1,12,2013,'62640983','CONSUMO_SUBGERENCIA_PERMANENTE_SG-TELEMEDIDA'),(71249,'COMPRAS','M',1,8,2013,'122059846','CONSUMO_SUBGERENCIA_NO_PERMANENTE_SG-TELEMEDIDA');
/*!40000 ALTER TABLE `INDICADOR` ENABLE KEYS */;
UNLOCK TABLES;

--
-- Table structure for table `META_MONITOR_SERVICIO`
--

DROP TABLE IF EXISTS `META_MONITOR_SERVICIO`;
/*!40101 SET @saved_cs_client     = @@character_set_client */;
/*!40101 SET character_set_client = utf8 */;
CREATE TABLE `META_MONITOR_SERVICIO` (
  `id` int(11) NOT NULL AUTO_INCREMENT,
  `area` varchar(45) COLLATE utf8_unicode_ci NOT NULL,
  `sistema` varchar(45) COLLATE utf8_unicode_ci NOT NULL,
  `mes` int(11) NOT NULL,
  `anno` int(11) NOT NULL,
  `incidencias` int(11) NOT NULL DEFAULT '0',
  `uptime` double NOT NULL DEFAULT '0',
  PRIMARY KEY (`id`),
  UNIQUE KEY `unique_idx` (`area`,`sistema`,`mes`,`anno`)
) ENGINE=InnoDB DEFAULT CHARSET=utf8 COLLATE=utf8_unicode_ci;
/*!40101 SET character_set_client = @saved_cs_client */;

--
-- Dumping data for table `META_MONITOR_SERVICIO`
--

LOCK TABLES `META_MONITOR_SERVICIO` WRITE;
/*!40000 ALTER TABLE `META_MONITOR_SERVICIO` DISABLE KEYS */;
/*!40000 ALTER TABLE `META_MONITOR_SERVICIO` ENABLE KEYS */;
UNLOCK TABLES;

--
-- Table structure for table `META_SOLICITUD_SERVICIO`
--

DROP TABLE IF EXISTS `META_SOLICITUD_SERVICIO`;
/*!40101 SET @saved_cs_client     = @@character_set_client */;
/*!40101 SET character_set_client = utf8 */;
CREATE TABLE `META_SOLICITUD_SERVICIO` (
  `id` int(11) NOT NULL AUTO_INCREMENT,
  `area` varchar(45) COLLATE utf8_unicode_ci NOT NULL,
  `tipo` varchar(45) COLLATE utf8_unicode_ci NOT NULL,
  `mes` int(11) NOT NULL,
  `anno` int(11) NOT NULL,
  `cantidad` int(11) NOT NULL DEFAULT '0',
  `tiempo_de_atencion_promedio` int(11) NOT NULL DEFAULT '0',
  `estado` varchar(45) COLLATE utf8_unicode_ci NOT NULL,
  PRIMARY KEY (`id`),
  UNIQUE KEY `unique_idx` (`area`,`tipo`,`mes`,`anno`,`estado`)
) ENGINE=InnoDB DEFAULT CHARSET=utf8 COLLATE=utf8_unicode_ci;
/*!40101 SET character_set_client = @saved_cs_client */;

--
-- Dumping data for table `META_SOLICITUD_SERVICIO`
--

LOCK TABLES `META_SOLICITUD_SERVICIO` WRITE;
/*!40000 ALTER TABLE `META_SOLICITUD_SERVICIO` DISABLE KEYS */;
/*!40000 ALTER TABLE `META_SOLICITUD_SERVICIO` ENABLE KEYS */;
UNLOCK TABLES;

--
-- Table structure for table `MONITOR_SERVICIO`
--

DROP TABLE IF EXISTS `MONITOR_SERVICIO`;
/*!40101 SET @saved_cs_client     = @@character_set_client */;
/*!40101 SET character_set_client = utf8 */;
CREATE TABLE `MONITOR_SERVICIO` (
  `id` int(11) NOT NULL AUTO_INCREMENT,
  `area` varchar(45) COLLATE utf8_unicode_ci NOT NULL,
  `sistema` varchar(45) COLLATE utf8_unicode_ci NOT NULL,
  `mes` int(11) NOT NULL,
  `anno` int(11) NOT NULL,
  `incidencias` int(11) NOT NULL DEFAULT '0',
  `uptime` double NOT NULL DEFAULT '0',
  PRIMARY KEY (`id`),
  UNIQUE KEY `unique_idx` (`area`,`sistema`,`mes`,`anno`)
) ENGINE=InnoDB DEFAULT CHARSET=utf8 COLLATE=utf8_unicode_ci;
/*!40101 SET character_set_client = @saved_cs_client */;

--
-- Dumping data for table `MONITOR_SERVICIO`
--

LOCK TABLES `MONITOR_SERVICIO` WRITE;
/*!40000 ALTER TABLE `MONITOR_SERVICIO` DISABLE KEYS */;
/*!40000 ALTER TABLE `MONITOR_SERVICIO` ENABLE KEYS */;
UNLOCK TABLES;

--
-- Table structure for table `PRESUPUESTO`
--

DROP TABLE IF EXISTS `PRESUPUESTO`;
/*!40101 SET @saved_cs_client     = @@character_set_client */;
/*!40101 SET character_set_client = utf8 */;
CREATE TABLE `PRESUPUESTO` (
  `id` int(11) NOT NULL AUTO_INCREMENT,
  `area` varchar(45) COLLATE utf8_unicode_ci NOT NULL,
  `mes` tinyint(1) NOT NULL,
  `anno` int(11) NOT NULL,
  `tipo` varchar(45) COLLATE utf8_unicode_ci NOT NULL,
  `valor` double NOT NULL,
  PRIMARY KEY (`id`)
) ENGINE=InnoDB DEFAULT CHARSET=utf8 COLLATE=utf8_unicode_ci;
/*!40101 SET character_set_client = @saved_cs_client */;

--
-- Dumping data for table `PRESUPUESTO`
--

LOCK TABLES `PRESUPUESTO` WRITE;
/*!40000 ALTER TABLE `PRESUPUESTO` DISABLE KEYS */;
/*!40000 ALTER TABLE `PRESUPUESTO` ENABLE KEYS */;
UNLOCK TABLES;

--
-- Table structure for table `Panel`
--

DROP TABLE IF EXISTS `Panel`;
/*!40101 SET @saved_cs_client     = @@character_set_client */;
/*!40101 SET character_set_client = utf8 */;
CREATE TABLE `Panel` (
  `id` int(11) NOT NULL AUTO_INCREMENT,
  `nombre` varchar(255) COLLATE utf8_unicode_ci NOT NULL,
  `ruta` varchar(300) COLLATE utf8_unicode_ci NOT NULL,
  `responsable` varchar(100) COLLATE utf8_unicode_ci NOT NULL,
  `visible` int(11) NOT NULL,
  PRIMARY KEY (`id`)
) ENGINE=InnoDB AUTO_INCREMENT=5 DEFAULT CHARSET=utf8 COLLATE=utf8_unicode_ci;
/*!40101 SET character_set_client = @saved_cs_client */;

--
-- Dumping data for table `Panel`
--

LOCK TABLES `Panel` WRITE;
/*!40000 ALTER TABLE `Panel` DISABLE KEYS */;
INSERT INTO `Panel` VALUES (1,'PANEL TI','java','Miguel Salas',1),(2,'PANEL LOGÍSTICA','java','Aldo Donoso S.',1),(3,'PANEL ADMINISTRACIÓN INFRAESTRUCTURA Y EQUIPOS','java','Luis Duarte',1),(4,'PANEL COMPRAS','java','David Valdes N.',1);
/*!40000 ALTER TABLE `Panel` ENABLE KEYS */;
UNLOCK TABLES;

--
-- Table structure for table `Role`
--

DROP TABLE IF EXISTS `Role`;
/*!40101 SET @saved_cs_client     = @@character_set_client */;
/*!40101 SET character_set_client = utf8 */;
CREATE TABLE `Role` (
  `id` int(11) NOT NULL AUTO_INCREMENT,
  `name` varchar(100) COLLATE utf8_unicode_ci NOT NULL,
  PRIMARY KEY (`id`)
) ENGINE=InnoDB AUTO_INCREMENT=3 DEFAULT CHARSET=utf8 COLLATE=utf8_unicode_ci;
/*!40101 SET character_set_client = @saved_cs_client */;

--
-- Dumping data for table `Role`
--

LOCK TABLES `Role` WRITE;
/*!40000 ALTER TABLE `Role` DISABLE KEYS */;
INSERT INTO `Role` VALUES (1,'ROLE_ADMIN'),(2,'ROLE_USER');
/*!40000 ALTER TABLE `Role` ENABLE KEYS */;
UNLOCK TABLES;

--
-- Table structure for table `SOLICITUD_SERVICIO`
--

DROP TABLE IF EXISTS `SOLICITUD_SERVICIO`;
/*!40101 SET @saved_cs_client     = @@character_set_client */;
/*!40101 SET character_set_client = utf8 */;
CREATE TABLE `SOLICITUD_SERVICIO` (
  `id` int(11) NOT NULL AUTO_INCREMENT,
  `area` varchar(45) COLLATE utf8_unicode_ci NOT NULL,
  `tipo` varchar(45) COLLATE utf8_unicode_ci NOT NULL,
  `mes` int(11) NOT NULL,
  `anno` int(11) NOT NULL,
  `cantidad` int(11) NOT NULL DEFAULT '0',
  `tiempo_de_atencion_promedio` double DEFAULT '0',
  `estado` varchar(45) COLLATE utf8_unicode_ci NOT NULL,
  `categoria` varchar(45) COLLATE utf8_unicode_ci NOT NULL,
  `porcentaje` double NOT NULL DEFAULT '0',
  PRIMARY KEY (`id`),
  UNIQUE KEY `unique_idx` (`area`,`tipo`,`mes`,`anno`,`categoria`,`estado`)
) ENGINE=InnoDB DEFAULT CHARSET=utf8 COLLATE=utf8_unicode_ci;
/*!40101 SET character_set_client = @saved_cs_client */;

--
-- Dumping data for table `SOLICITUD_SERVICIO`
--

LOCK TABLES `SOLICITUD_SERVICIO` WRITE;
/*!40000 ALTER TABLE `SOLICITUD_SERVICIO` DISABLE KEYS */;
/*!40000 ALTER TABLE `SOLICITUD_SERVICIO` ENABLE KEYS */;
UNLOCK TABLES;

--
-- Table structure for table `User`
--

DROP TABLE IF EXISTS `User`;
/*!40101 SET @saved_cs_client     = @@character_set_client */;
/*!40101 SET character_set_client = utf8 */;
CREATE TABLE `User` (
  `id` int(11) NOT NULL AUTO_INCREMENT,
  `username` varchar(50) COLLATE utf8_unicode_ci NOT NULL,
  `password` varchar(255) COLLATE utf8_unicode_ci NOT NULL,
  `salt` varchar(255) COLLATE utf8_unicode_ci NOT NULL,
  `name` varchar(100) COLLATE utf8_unicode_ci NOT NULL,
  PRIMARY KEY (`id`),
  UNIQUE KEY `UNIQ_2DA17977F85E0677` (`username`)
) ENGINE=InnoDB AUTO_INCREMENT=4 DEFAULT CHARSET=utf8 COLLATE=utf8_unicode_ci;
/*!40101 SET character_set_client = @saved_cs_client */;

--
-- Dumping data for table `User`
--

LOCK TABLES `User` WRITE;
/*!40000 ALTER TABLE `User` DISABLE KEYS */;
INSERT INTO `User` VALUES (1,'admin','e0db94beebe1c0761c722d9b7971f8f4b6d590be','1d17f014019debce3622932f23f2190a','Administrador'),(2,'leobarrientosc','5567ded5e0026389fd144ce40aa3afee9d1acd54','26d4391864da1eb22942d9fe38b9c7cc','Leonardo Barrientos C.'),(3,'demo','8cddc956b18eafdfcec80ec3cd07cc485fa1803e','1565d64740236ac357ec59587576b9e9','Usuario demostración');
/*!40000 ALTER TABLE `User` ENABLE KEYS */;
UNLOCK TABLES;

--
-- Table structure for table `UserPanel`
--

DROP TABLE IF EXISTS `UserPanel`;
/*!40101 SET @saved_cs_client     = @@character_set_client */;
/*!40101 SET character_set_client = utf8 */;
CREATE TABLE `UserPanel` (
  `user_id` int(11) NOT NULL,
  `panel_id` int(11) NOT NULL,
  PRIMARY KEY (`user_id`,`panel_id`),
  KEY `IDX_C639427AA76ED395` (`user_id`),
  KEY `IDX_C639427A6F6FCB26` (`panel_id`),
  CONSTRAINT `FK_C639427A6F6FCB26` FOREIGN KEY (`panel_id`) REFERENCES `User` (`id`),
  CONSTRAINT `FK_C639427AA76ED395` FOREIGN KEY (`user_id`) REFERENCES `Panel` (`id`)
) ENGINE=InnoDB DEFAULT CHARSET=utf8 COLLATE=utf8_unicode_ci;
/*!40101 SET character_set_client = @saved_cs_client */;

--
-- Dumping data for table `UserPanel`
--

LOCK TABLES `UserPanel` WRITE;
/*!40000 ALTER TABLE `UserPanel` DISABLE KEYS */;
INSERT INTO `UserPanel` VALUES (1,1),(1,2),(1,3),(2,1),(2,2),(2,3),(3,1),(3,2),(3,3),(4,1),(4,2),(4,3);
/*!40000 ALTER TABLE `UserPanel` ENABLE KEYS */;
UNLOCK TABLES;

--
-- Table structure for table `UserRole`
--

DROP TABLE IF EXISTS `UserRole`;
/*!40101 SET @saved_cs_client     = @@character_set_client */;
/*!40101 SET character_set_client = utf8 */;
CREATE TABLE `UserRole` (
  `user_id` int(11) NOT NULL,
  `role_id` int(11) NOT NULL,
  PRIMARY KEY (`user_id`,`role_id`),
  KEY `IDX_A8503F73A76ED395` (`user_id`),
  KEY `IDX_A8503F73D60322AC` (`role_id`),
  CONSTRAINT `FK_A8503F73A76ED395` FOREIGN KEY (`user_id`) REFERENCES `User` (`id`),
  CONSTRAINT `FK_A8503F73D60322AC` FOREIGN KEY (`role_id`) REFERENCES `Role` (`id`)
) ENGINE=InnoDB DEFAULT CHARSET=utf8 COLLATE=utf8_unicode_ci;
/*!40101 SET character_set_client = @saved_cs_client */;

--
-- Dumping data for table `UserRole`
--

LOCK TABLES `UserRole` WRITE;
/*!40000 ALTER TABLE `UserRole` DISABLE KEYS */;
INSERT INTO `UserRole` VALUES (1,1),(2,2),(3,2);
/*!40000 ALTER TABLE `UserRole` ENABLE KEYS */;
UNLOCK TABLES;

--
-- Temporary table structure for view `VIEW_INDICADOR_FINANZAS`
--

DROP TABLE IF EXISTS `VIEW_INDICADOR_FINANZAS`;
/*!50001 DROP VIEW IF EXISTS `VIEW_INDICADOR_FINANZAS`*/;
SET @saved_cs_client     = @@character_set_client;
SET character_set_client = utf8;
/*!50001 CREATE TABLE `VIEW_INDICADOR_FINANZAS` (
  `indicador` tinyint NOT NULL
) ENGINE=MyISAM */;
SET character_set_client = @saved_cs_client;

--
-- Temporary table structure for view `VIEW_INDICADOR_SUBGERENCIAS`
--

DROP TABLE IF EXISTS `VIEW_INDICADOR_SUBGERENCIAS`;
/*!50001 DROP VIEW IF EXISTS `VIEW_INDICADOR_SUBGERENCIAS`*/;
SET @saved_cs_client     = @@character_set_client;
SET character_set_client = utf8;
/*!50001 CREATE TABLE `VIEW_INDICADOR_SUBGERENCIAS` (
  `subgerencias` tinyint NOT NULL,
  `area` tinyint NOT NULL
) ENGINE=MyISAM */;
SET character_set_client = @saved_cs_client;

--
-- Final view structure for view `VIEW_INDICADOR_FINANZAS`
--

/*!50001 DROP TABLE IF EXISTS `VIEW_INDICADOR_FINANZAS`*/;
/*!50001 DROP VIEW IF EXISTS `VIEW_INDICADOR_FINANZAS`*/;
/*!50001 SET @saved_cs_client          = @@character_set_client */;
/*!50001 SET @saved_cs_results         = @@character_set_results */;
/*!50001 SET @saved_col_connection     = @@collation_connection */;
/*!50001 SET character_set_client      = utf8 */;
/*!50001 SET character_set_results     = utf8 */;
/*!50001 SET collation_connection      = utf8_general_ci */;
/*!50001 CREATE ALGORITHM=UNDEFINED */
/*!50013 DEFINER=`pentaho`@`localhost` SQL SECURITY DEFINER */
/*!50001 VIEW `VIEW_INDICADOR_FINANZAS` AS select distinct replace(replace(replace(`INDICADOR`.`indicador`,'REAL_',''),'PRESUPUESTO_',''),'PROYECTADO_','') AS `indicador` from `INDICADOR` where (`INDICADOR`.`indicador` like '%FINANZAS\\_%') order by replace(replace(replace(`INDICADOR`.`indicador`,'REAL_',''),'PRESUPUESTO_',''),'PROYECTADO_','') */;
/*!50001 SET character_set_client      = @saved_cs_client */;
/*!50001 SET character_set_results     = @saved_cs_results */;
/*!50001 SET collation_connection      = @saved_col_connection */;

--
-- Final view structure for view `VIEW_INDICADOR_SUBGERENCIAS`
--

/*!50001 DROP TABLE IF EXISTS `VIEW_INDICADOR_SUBGERENCIAS`*/;
/*!50001 DROP VIEW IF EXISTS `VIEW_INDICADOR_SUBGERENCIAS`*/;
/*!50001 SET @saved_cs_client          = @@character_set_client */;
/*!50001 SET @saved_cs_results         = @@character_set_results */;
/*!50001 SET @saved_col_connection     = @@collation_connection */;
/*!50001 SET character_set_client      = utf8 */;
/*!50001 SET character_set_results     = utf8 */;
/*!50001 SET collation_connection      = utf8_general_ci */;
/*!50001 CREATE ALGORITHM=UNDEFINED */
/*!50013 DEFINER=`pentaho`@`localhost` SQL SECURITY DEFINER */
/*!50001 VIEW `VIEW_INDICADOR_SUBGERENCIAS` AS select distinct replace(replace(`INDICADOR`.`indicador`,'CONSUMO_SUBGERENCIA_PERMANENTE_',''),'CONSUMO_SUBGERENCIA_NO_PERMANENTE_','') AS `subgerencias`,`INDICADOR`.`area` AS `area` from `INDICADOR` where (`INDICADOR`.`indicador` like 'CONSUMO_SUBGERENCIA_%') order by `INDICADOR`.`indicador` */;
/*!50001 SET character_set_client      = @saved_cs_client */;
/*!50001 SET character_set_results     = @saved_cs_results */;
/*!50001 SET collation_connection      = @saved_col_connection */;
/*!40103 SET TIME_ZONE=@OLD_TIME_ZONE */;

/*!40101 SET SQL_MODE=@OLD_SQL_MODE */;
/*!40014 SET FOREIGN_KEY_CHECKS=@OLD_FOREIGN_KEY_CHECKS */;
/*!40014 SET UNIQUE_CHECKS=@OLD_UNIQUE_CHECKS */;
/*!40101 SET CHARACTER_SET_CLIENT=@OLD_CHARACTER_SET_CLIENT */;
/*!40101 SET CHARACTER_SET_RESULTS=@OLD_CHARACTER_SET_RESULTS */;
/*!40101 SET COLLATION_CONNECTION=@OLD_COLLATION_CONNECTION */;
/*!40111 SET SQL_NOTES=@OLD_SQL_NOTES */;

-- Dump completed on 2016-05-12 16:39:28
